mysqldump: [Warning] Using a password on the command line interface can be insecure.

/*!40101 SET @OLD_CHARACTER_SET_CLIENT=@@CHARACTER_SET_CLIENT */;
/*!40101 SET @OLD_CHARACTER_SET_RESULTS=@@CHARACTER_SET_RESULTS */;
/*!40101 SET @OLD_COLLATION_CONNECTION=@@COLLATION_CONNECTION */;
/*!50503 SET NAMES utf8mb4 */;
/*!40103 SET @OLD_TIME_ZONE=@@TIME_ZONE */;
/*!40103 SET TIME_ZONE='+00:00' */;
/*!40014 SET @OLD_UNIQUE_CHECKS=@@UNIQUE_CHECKS, UNIQUE_CHECKS=0 */;
/*!40014 SET @OLD_FOREIGN_KEY_CHECKS=@@FOREIGN_KEY_CHECKS, FOREIGN_KEY_CHECKS=0 */;
/*!40101 SET @OLD_SQL_MODE=@@SQL_MODE, SQL_MODE='NO_AUTO_VALUE_ON_ZERO' */;
/*!40111 SET @OLD_SQL_NOTES=@@SQL_NOTES, SQL_NOTES=0 */;
DROP TABLE IF EXISTS `caja`;
/*!40101 SET @saved_cs_client     = @@character_set_client */;
/*!50503 SET character_set_client = utf8mb4 */;
CREATE TABLE `caja` (
  `id` int NOT NULL AUTO_INCREMENT,
  `tipo_movimiento` enum('INGRESO','EGRESO') NOT NULL,
  `categoria` enum('VENTA','COMPRA','OTRO') NOT NULL,
  `id_referencia` int DEFAULT NULL COMMENT 'ID de venta/compra relacionada',
  `concepto` varchar(200) NOT NULL,
  `monto` decimal(10,2) NOT NULL,
  `fecha_movimiento` date NOT NULL,
  `observaciones` text,
  `fecha_registro` timestamp NOT NULL DEFAULT CURRENT_TIMESTAMP,
  `usuario_registro` varchar(100) DEFAULT NULL,
  `movimiento_relacionado` int DEFAULT NULL,
  `usuario_modificacion` varchar(100) DEFAULT NULL,
  `fecha_modificacion` timestamp NULL DEFAULT NULL ON UPDATE CURRENT_TIMESTAMP,
  PRIMARY KEY (`id`),
  KEY `idx_tipo` (`tipo_movimiento`),
  KEY `idx_categoria` (`categoria`),
  KEY `idx_fecha` (`fecha_movimiento`)
) ENGINE=InnoDB AUTO_INCREMENT=82 DEFAULT CHARSET=latin1;
/*!40101 SET character_set_client = @saved_cs_client */;

LOCK TABLES `caja` WRITE;
/*!40000 ALTER TABLE `caja` DISABLE KEYS */;
INSERT INTO `caja` VALUES (1,'EGRESO','COMPRA',1,'COMPRA #1 - OFIMARKET',1400000.00,'2025-10-08',NULL,'2025-10-08 20:07:39',NULL,NULL,NULL,NULL),(2,'EGRESO','COMPRA',2,'COMPRA #2 - ALAMO ORIGI',60000.00,'2025-10-08',NULL,'2025-10-08 20:10:31',NULL,NULL,NULL,NULL),(3,'EGRESO','COMPRA',3,'COMPRA #3 - SANTEI',100000.00,'2025-10-08',NULL,'2025-10-08 20:13:02',NULL,NULL,NULL,NULL),(4,'EGRESO','COMPRA',4,'COMPRA #4 - ALAMON\'T',19000.00,'2025-10-08',NULL,'2025-10-08 20:15:32',NULL,NULL,NULL,NULL),(5,'EGRESO','COMPRA',5,'COMPRA #5 - OFIMARKET',350000.00,'2025-10-08',NULL,'2025-10-08 20:18:04',NULL,NULL,NULL,NULL),(6,'EGRESO','COMPRA',6,'COMPRA #6 - OFIMARKET',515000.00,'2025-10-08',NULL,'2025-10-08 20:20:15',NULL,NULL,NULL,NULL),(9,'EGRESO','COMPRA',9,'COMPRA #9 - ALAMO2',3040000.00,'2025-10-12',NULL,'2025-10-12 00:44:06',NULL,NULL,NULL,NULL),(13,'EGRESO','COMPRA',18,'COMPRA #18 - ALAMO ORIGI',20000.00,'2025-10-15',NULL,'2025-10-15 00:49:36',NULL,NULL,NULL,NULL),(15,'INGRESO','VENTA',4,'VENTA #4 - KEVIN SEBASTIAN CABALLERO GODOY',3000.00,'2025-10-16',NULL,'2025-10-15 19:57:08',NULL,NULL,NULL,NULL),(17,'EGRESO','COMPRA',20,'COMPRA #20 - ALAMO ORIGI',200000.00,'2025-10-15',NULL,'2025-10-15 20:07:45',NULL,NULL,NULL,NULL),(18,'INGRESO','VENTA',5,'VENTA #5 - KEVIN SEBASTIAN CABALLERO GODOY (Ticket: 0000001)',275000.00,'2025-10-19',NULL,'2025-10-19 23:15:33',NULL,NULL,NULL,NULL),(19,'INGRESO','VENTA',6,'VENTA #6 - KEVIN SEBASTIAN CABALLERO GODOY',66000.00,'2025-10-22',NULL,'2025-10-22 00:39:29',NULL,NULL,NULL,NULL),(20,'INGRESO','VENTA',7,'VENTA #7 - KEVIN SEBASTIAN CABALLERO GODOY (Ticket: 0000007)',746075.00,'2025-10-22',NULL,'2025-10-22 21:15:59',NULL,NULL,NULL,NULL),(21,'INGRESO','VENTA',8,'VENTA #8 - KEVIN SEBASTIAN CABALLERO GODOY',550000.00,'2025-10-22',NULL,'2025-10-22 21:17:48',NULL,NULL,NULL,NULL),(23,'INGRESO','VENTA',10,'VENTA #10 - KEVIN SEBASTIAN CABALLERO GODOY (FACTURA: 001-001-0000835)',3000.00,'2025-10-23',NULL,'2025-10-23 22:56:26',NULL,NULL,NULL,NULL),(24,'INGRESO','VENTA',11,'VENTA #11 - MAGNA ADELINA GODOY OLMEDO (FACTURA: 001-001-0000836)',1130000.00,'2025-10-24',NULL,'2025-10-24 00:09:48',NULL,NULL,NULL,NULL),(25,'INGRESO','VENTA',12,'VENTA #12 - MAGNA ADELINA GODOY OLMEDO (FACTURA: 001-001-0000837)',250000.00,'2025-10-24',NULL,'2025-10-24 21:42:36',NULL,NULL,NULL,NULL),(26,'INGRESO','VENTA',13,'VENTA #13 - MAGNA ADELINA GODOY OLMEDO (FACTURA: 001-001-0000838)',1575000.00,'2025-10-24',NULL,'2025-10-24 22:17:40',NULL,NULL,NULL,NULL),(27,'INGRESO','VENTA',14,'VENTA #14 - MAGNA ADELINA GODOY OLMEDO (FACTURA: 001-001-0000839)',27000.00,'2025-10-24',NULL,'2025-10-24 22:43:22',NULL,NULL,NULL,NULL),(29,'EGRESO','OTRO',12,'ANULACIÓN FACTURA #12 - MAGNA ADELINA GODOY OLMEDO (001-001-0000837)',250000.00,'2025-11-02','Anulado por: ADMIN\nMotivo: Prueba 1','2025-11-02 17:21:45','ADMIN',25,NULL,NULL),(30,'EGRESO','OTRO',14,'ANULACIÓN FACTURA #14 - MAGNA ADELINA GODOY OLMEDO (001-001-0000839)',27000.00,'2025-11-02','Anulado por: ADMIN\nMotivo: wery','2025-11-02 17:23:03','ADMIN',27,NULL,NULL),(31,'EGRESO','OTRO',11,'ANULACIÓN FACTURA #11 - MAGNA ADELINA GODOY OLMEDO (001-001-0000836)',1130000.00,'2025-11-02','Anulado por: ADMIN\nMotivo: prueba23','2025-11-02 20:09:29','ADMIN',24,NULL,NULL),(32,'EGRESO','OTRO',13,'ANULACIÓN FACTURA #13 - MAGNA ADELINA GODOY OLMEDO (001-001-0000838)',1575000.00,'2025-11-02','Anulado por: ADMIN\nMotivo: wdsfghkjl','2025-11-02 20:13:10','ADMIN',26,NULL,NULL),(33,'EGRESO','OTRO',10,'ANULACIÓN FACTURA #10 - KEVIN SEBASTIAN CABALLERO GODOY (001-001-0000835)',3000.00,'2025-11-02','Anulado por: ADMIN\nMotivo: prueba444','2025-11-03 01:21:03','ADMIN',23,NULL,NULL),(34,'EGRESO','OTRO',6,'ANULACIÓN FACTURA #6 - KEVIN SEBASTIAN CABALLERO GODOY (N/A)',66000.00,'2025-11-02','Anulado por: ADMIN\nMotivo: wergh','2025-11-03 01:21:49','ADMIN',19,NULL,NULL),(35,'EGRESO','COMPRA',21,'COMPRA #21 - ALAMO ORIGI (Factura: 4567887654)',180000.00,'2025-11-05',NULL,'2025-11-05 01:01:54',NULL,NULL,NULL,NULL),(36,'INGRESO','VENTA',16,'VENTA #16 - KEVIN SEBASTIAN CABALLERO GODOY (FACTURA: 001-001-0000841)',30000.00,'2025-11-05',NULL,'2025-11-05 19:48:19',NULL,NULL,NULL,NULL),(37,'INGRESO','VENTA',17,'VENTA #17 - Cliente Genérico',20000.00,'2025-11-05',NULL,'2025-11-05 19:48:50',NULL,NULL,NULL,NULL),(38,'INGRESO','VENTA',18,'VENTA #18 - Cliente Genérico (TICKET: 0000018)',12500.00,'2025-11-05',NULL,'2025-11-05 19:49:31',NULL,NULL,NULL,NULL),(39,'EGRESO','OTRO',16,'ANULACIÓN FACTURA #16 - KEVIN SEBASTIAN CABALLERO GODOY (001-001-0000841)',30000.00,'2025-11-05','Anulado por: ADMIN\nMotivo: Anulación de prueba','2025-11-05 19:51:11','ADMIN',36,NULL,NULL),(40,'INGRESO','VENTA',19,'VENTA #19 - KEVIN SEBASTIAN CABALLERO GODOY (FACTURA: 001-001-0000842)',3000.00,'2025-11-05',NULL,'2025-11-05 20:05:35',NULL,NULL,NULL,NULL),(41,'EGRESO','OTRO',19,'ANULACIÓN FACTURA #19 - KEVIN SEBASTIAN CABALLERO GODOY (001-001-0000842)',3000.00,'2025-11-05','Anulado por: ADMIN\nMotivo: a','2025-11-05 20:05:58','ADMIN',40,NULL,NULL),(42,'INGRESO','VENTA',20,'VENTA #20 - MAGNA ADELINA GODOY OLMEDO (FACTURA: 001-001-0000843)',3000.00,'2025-11-05',NULL,'2025-11-05 20:06:24',NULL,NULL,NULL,NULL),(43,'INGRESO','VENTA',21,'VENTA #21 - GHDFB SDFSDFGDSDFSDF (FACTURA: 001-001-0000844)',3000.00,'2025-11-05',NULL,'2025-11-05 20:09:54',NULL,NULL,NULL,NULL),(44,'EGRESO','OTRO',21,'ANULACIÓN FACTURA #21 - GHDFB SDFSDFGDSDFSDF (001-001-0000844)',3000.00,'2025-11-05','Anulado por: KEVIN CABALLERO\nMotivo: asdfg','2025-11-05 20:13:15','KEVIN CABALLERO',43,NULL,NULL),(45,'EGRESO','OTRO',20,'ANULACIÓN FACTURA #20 - MAGNA ADELINA GODOY OLMEDO (001-001-0000843)',3000.00,'2025-11-05','Anulado por: KEVIN CABALLERO\nMotivo: dsfgh','2025-11-05 20:21:02','KEVIN CABALLERO',42,NULL,NULL),(46,'EGRESO','OTRO',18,'ANULACIÓN TICKET #18 - Cliente Genérico (0000018)',12500.00,'2025-11-09','Anulado por: KEVIN CABALLERO\nMotivo: si','2025-11-09 07:40:01','KEVIN CABALLERO',38,NULL,NULL),(47,'EGRESO','OTRO',17,'ANULACIÓN VENTA #17 - Cliente Genérico (N/A)',20000.00,'2025-11-09','Anulado por: KEVIN CABALLERO\nMotivo: asd','2025-11-09 07:40:21','KEVIN CABALLERO',37,NULL,NULL),(48,'INGRESO','VENTA',8,'COBRO Cuota #1 - Venta #8 - KEVIN SEBASTIAN CABALLERO GODOY',183333.33,'2025-11-09','Cobro de cuota 1. ','2025-11-09 07:48:07','KEVIN CABALLERO',NULL,NULL,NULL),(49,'INGRESO','VENTA',7,'COBRO Cuota #1 - Venta #7 - KEVIN SEBASTIAN CABALLERO GODOY',62172.92,'2025-11-09','Cobro de cuota 1. Comprobante: 0000007','2025-11-09 07:48:23','KEVIN CABALLERO',NULL,NULL,NULL),(50,'INGRESO','VENTA',8,'COBRO Cuota #2 - Venta #8 - KEVIN SEBASTIAN CABALLERO GODOY',183333.33,'2025-11-09','Cobro de cuota 2. ','2025-11-09 07:48:42','KEVIN CABALLERO',NULL,NULL,NULL),(51,'INGRESO','VENTA',8,'COBRO Cuota #3 - Venta #8 - KEVIN SEBASTIAN CABALLERO GODOY',183333.33,'2025-11-09','Cobro de cuota 3. ','2025-11-09 07:49:26','KEVIN CABALLERO',NULL,NULL,NULL),(52,'INGRESO','VENTA',25,'VENTA #25 - KEVIN SEBASTIAN CABALLERO GODOY (TICKET: 0000025)',2500.00,'2025-11-09',NULL,'2025-11-09 18:37:28',NULL,NULL,NULL,NULL),(53,'INGRESO','OTRO',NULL,'PAGO Cliente: KEVIN SEBASTIAN CABALLERO GODOY - ID Mov: #2',26000.00,'2025-11-09','Pago de cuenta corriente. Pago TOTAL - Excedente a favor del cliente','2025-11-09 18:57:56','KEVIN CABALLERO',NULL,NULL,NULL),(54,'INGRESO','OTRO',NULL,'Venta de articulo usado',100000.00,'2025-11-10','','2025-11-11 01:45:59','KEVIN CABALLERO',NULL,NULL,NULL),(55,'EGRESO','OTRO',NULL,'Pago de Luz',98000.00,'2025-11-10','','2025-11-11 01:46:20','KEVIN CABALLERO',NULL,NULL,NULL),(56,'INGRESO','VENTA',27,'VENTA #27 - KEVIN SEBASTIAN CABALLERO GODOY (TICKET: 0000027)',3000000.00,'2025-11-10',NULL,'2025-11-11 02:15:11','KEVIN CABALLERO',NULL,NULL,NULL),(57,'INGRESO','VENTA',7,'COBRO Cuota #3 - Venta #7 - KEVIN SEBASTIAN CABALLERO GODOY',62172.92,'2025-11-14','Cobro de cuota 3. Comprobante: 0000007','2025-11-14 00:54:04','Administrador',NULL,NULL,NULL),(58,'INGRESO','VENTA',23,'COBRO Cuota #1 - Venta #23 - LUNA YOMAIRA CABALLERO GODOY',25000.00,'2025-11-14','Cobro de cuota 1. Comprobante: 001-001-0000846','2025-11-14 01:17:39','Administrador',NULL,NULL,NULL),(59,'INGRESO','VENTA',23,'COBRO Cuota #2 - Venta #23 - LUNA YOMAIRA CABALLERO GODOY',25000.00,'2025-11-21','Cobro de cuota 2. Comprobante: 001-001-0000846','2025-11-14 01:18:03','Administrador',NULL,NULL,NULL),(60,'EGRESO','OTRO',5,'ANULACIÓN TICKET #5 - KEVIN SEBASTIAN CABALLERO GODOY (0000001)',275000.00,'2025-11-13','Anulado por: Administrador\nMotivo: sd','2025-11-14 01:44:26','Administrador',18,NULL,NULL),(61,'INGRESO','VENTA',28,'COBRO Cuota #1 - Venta #28 - KEVIN SEBASTIAN CABALLERO GODOY',225000.00,'2025-11-14','Cobro de cuota 1. Comprobante: 001-001-0000848','2025-11-14 01:53:02','Administrador',NULL,NULL,NULL),(62,'INGRESO','VENTA',28,'COBRO Cuota #2 - Venta #28 - KEVIN SEBASTIAN CABALLERO GODOY',225000.00,'2025-11-14','Cobro de cuota 2. Comprobante: 001-001-0000848','2025-11-14 01:53:24','Administrador',NULL,NULL,NULL),(63,'INGRESO','VENTA',28,'COBRO Cuota #3 - Venta #28 - KEVIN SEBASTIAN CABALLERO GODOY',225000.00,'2025-11-14','Cobro de cuota 3. Comprobante: 001-001-0000848','2025-11-14 01:53:35','Administrador',NULL,NULL,NULL),(64,'INGRESO','VENTA',28,'COBRO Cuota #4 - Venta #28 - KEVIN SEBASTIAN CABALLERO GODOY',225000.00,'2025-11-14','Cobro de cuota 4. Comprobante: 001-001-0000848','2025-11-14 01:53:45','Administrador',NULL,NULL,NULL),(65,'EGRESO','COMPRA',22,'COMPRA #22 - SANTEI (Factura: 324232342333)',100000.00,'2025-11-15',NULL,'2025-11-15 01:21:57',NULL,NULL,NULL,NULL),(66,'INGRESO','VENTA',29,'VENTA #29 - KEVIN SEBASTIAN CABALLERO GODOY (TICKET: 0000029)',29000.00,'2025-11-14',NULL,'2025-11-15 01:23:53','KEVIN CABALLERO',NULL,NULL,NULL),(67,'EGRESO','OTRO',29,'ANULACIÓN TICKET #29 - KEVIN SEBASTIAN CABALLERO GODOY (0000029)',29000.00,'2025-11-14','Anulado por: KEVIN CABALLERO\nMotivo: prueba anulación','2025-11-15 01:25:06','KEVIN CABALLERO',66,NULL,NULL),(68,'INGRESO','VENTA',24,'COBRO Cuota #1 - Venta #24 - LUNA YOMAIRA CABALLERO GODOY',5000.00,'2025-11-15','Cobro de cuota 1. Comprobante: 001-001-0000847','2025-11-15 01:25:51','KEVIN CABALLERO',NULL,NULL,NULL),(69,'INGRESO','VENTA',30,'COBRO Cuota #1 - Venta #30 - KEVIN SEBASTIAN CABALLERO GODOY',12500.00,'2025-11-15','Cobro de cuota 1. Comprobante: 001-001-0000849','2025-11-15 01:27:58','KEVIN CABALLERO',NULL,NULL,NULL),(70,'INGRESO','VENTA',30,'COBRO Cuota #2 - Venta #30 - KEVIN SEBASTIAN CABALLERO GODOY',12500.00,'2025-11-15','Cobro de cuota 2. Comprobante: 001-001-0000849','2025-11-15 01:28:09','KEVIN CABALLERO',NULL,NULL,NULL),(71,'INGRESO','VENTA',30,'COBRO Cuota #3 - Venta #30 - KEVIN SEBASTIAN CABALLERO GODOY',12500.00,'2025-11-15','Cobro de cuota 3. Comprobante: 001-001-0000849','2025-11-15 01:28:20','KEVIN CABALLERO',NULL,NULL,NULL),(72,'INGRESO','VENTA',30,'COBRO Cuota #4 - Venta #30 - KEVIN SEBASTIAN CABALLERO GODOY',12500.00,'2025-11-15','Cobro de cuota 4. Comprobante: 001-001-0000849','2025-11-15 01:28:31','KEVIN CABALLERO',NULL,NULL,NULL),(73,'INGRESO','OTRO',NULL,'PAGO Cliente: MAGNA ADELINA GODOY OLMEDO - ID Mov: #4',50000.00,'2025-11-15','Pago de cuenta corriente. Pago TOTAL - Excedente a favor del cliente','2025-11-15 01:30:14','KEVIN CABALLERO',NULL,NULL,NULL),(74,'EGRESO','OTRO',NULL,'Pago de Luz',10000.00,'2025-11-14','','2025-11-15 01:34:29','Administrador',NULL,NULL,NULL),(75,'INGRESO','OTRO',NULL,'Venta de articulo usado',10000.00,'2025-11-14','','2025-11-15 01:34:46','Administrador',NULL,NULL,NULL),(76,'INGRESO','VENTA',32,'VENTA #32 - KEVIN SEBASTIAN CABALLERO GODOY (TICKET: 0000032)',30000.00,'2025-11-21',NULL,'2025-11-21 21:11:07','Administrador',NULL,NULL,NULL),(77,'INGRESO','VENTA',33,'VENTA #33 - KEVIN SEBASTIAN CABALLERO GODOY (TICKET: 0000033)',30000.00,'2025-11-21',NULL,'2025-11-21 21:12:36','Administrador',NULL,NULL,NULL),(78,'EGRESO','OTRO',NULL,'Pago de Luz',170000.00,'2025-11-21','','2025-11-21 23:29:18','Administrador',NULL,NULL,NULL),(79,'INGRESO','OTRO',NULL,'Dinero del Jefe',85000.00,'2025-11-21','','2025-11-21 23:30:21','Administrador',NULL,NULL,NULL),(80,'INGRESO','VENTA',34,'VENTA #34 - Cliente Genérico (TICKET: 0000034)',5800.00,'2025-11-21',NULL,'2025-11-21 23:36:55','Administrador',NULL,NULL,NULL);
/*!40000 ALTER TABLE `caja` ENABLE KEYS */;
UNLOCK TABLES;
DROP TABLE IF EXISTS `cierres_caja`;
/*!40101 SET @saved_cs_client     = @@character_set_client */;
/*!50503 SET character_set_client = utf8mb4 */;
CREATE TABLE `cierres_caja` (
  `id` int NOT NULL AUTO_INCREMENT,
  `fecha_apertura` datetime NOT NULL,
  `fecha_cierre` datetime DEFAULT NULL,
  `saldo_inicial` decimal(12,2) NOT NULL DEFAULT '0.00',
  `saldo_final` decimal(12,2) DEFAULT NULL,
  `total_ingresos` decimal(12,2) DEFAULT '0.00',
  `total_egresos` decimal(12,2) DEFAULT '0.00',
  `saldo_sistema` decimal(12,2) DEFAULT NULL COMMENT 'Lo que debería haber según el sistema',
  `saldo_fisico` decimal(12,2) DEFAULT NULL COMMENT 'Lo que realmente hay (conteo físico)',
  `diferencia` decimal(12,2) DEFAULT NULL COMMENT 'saldo_fisico - saldo_sistema',
  `observaciones_apertura` text,
  `observaciones_cierre` text,
  `estado` enum('ABIERTA','CERRADA') NOT NULL DEFAULT 'ABIERTA',
  `usuario_apertura` varchar(100) DEFAULT NULL,
  `usuario_cierre` varchar(100) DEFAULT NULL,
  `fecha_registro` timestamp NULL DEFAULT CURRENT_TIMESTAMP,
  PRIMARY KEY (`id`),
  KEY `idx_estado` (`estado`),
  KEY `idx_fecha_apertura` (`fecha_apertura`)
) ENGINE=InnoDB AUTO_INCREMENT=24 DEFAULT CHARSET=utf8mb4 COLLATE=utf8mb4_0900_ai_ci;
/*!40101 SET character_set_client = @saved_cs_client */;

LOCK TABLES `cierres_caja` WRITE;
/*!40000 ALTER TABLE `cierres_caja` DISABLE KEYS */;
INSERT INTO `cierres_caja` VALUES (1,'2025-10-26 18:47:00','2025-10-26 18:47:00',10000.00,10000.00,0.00,0.00,10000.00,10000.00,0.00,NULL,NULL,'CERRADA','Kevin','Kevin','2025-10-27 00:47:36'),(2,'2025-11-04 10:39:00','2025-11-04 10:40:00',0.00,0.00,0.00,0.00,0.00,0.00,0.00,NULL,NULL,'CERRADA','Administrador','Administrador','2025-11-04 16:39:47'),(3,'2025-11-04 19:01:00','2025-11-04 19:02:00',500000.00,320000.00,0.00,180000.00,320000.00,320000.00,0.00,NULL,NULL,'CERRADA','Administrador','Administrador','2025-11-05 01:01:27'),(4,'2025-11-04 19:02:00','2025-11-04 19:03:00',100000.00,100000.00,0.00,180000.00,-80000.00,100000.00,180000.00,NULL,NULL,'CERRADA','Administrador','Administrador','2025-11-05 01:02:47'),(5,'2025-11-04 19:05:00','2025-11-04 19:05:00',0.00,0.00,0.00,180000.00,-180000.00,0.00,180000.00,NULL,NULL,'CERRADA','Administrador','Administrador','2025-11-05 01:05:41'),(6,'2025-11-05 13:47:00','2025-11-05 13:58:00',100000.00,100000.00,0.00,0.00,100000.00,100000.00,0.00,NULL,NULL,'CERRADA','KEVIN CABALLERO','KEVIN CABALLERO','2025-11-05 19:47:12'),(7,'2025-11-05 14:18:00','2025-11-05 14:19:00',0.00,0.00,0.00,0.00,0.00,0.00,0.00,NULL,NULL,'CERRADA','KEVIN CABALLERO','KEVIN CABALLERO','2025-11-05 20:18:44'),(8,'2025-11-05 14:20:00','2025-11-08 20:00:00',0.00,0.00,0.00,0.00,0.00,0.00,0.00,NULL,NULL,'CERRADA','KEVIN CABALLERO','KEVIN CABALLERO','2025-11-05 20:20:08'),(9,'2025-11-09 12:00:00','2025-11-09 13:32:00',0.00,0.00,0.00,0.00,0.00,0.00,0.00,NULL,NULL,'CERRADA','KEVIN CABALLERO','KEVIN CABALLERO','2025-11-09 18:01:08'),(10,'2025-11-10 19:42:00','2025-11-10 19:42:00',0.00,0.00,0.00,0.00,0.00,0.00,0.00,NULL,NULL,'CERRADA','KEVIN CABALLERO','Administrador','2025-11-11 01:42:23'),(11,'2025-11-10 19:43:00','2025-11-10 19:43:00',50000.00,50000.00,0.00,0.00,50000.00,50000.00,0.00,NULL,NULL,'CERRADA','Administrador','KEVIN CABALLERO','2025-11-11 01:43:12'),(12,'2025-11-10 19:44:00','2025-11-10 19:45:00',0.00,0.00,0.00,0.00,0.00,0.00,0.00,NULL,NULL,'CERRADA','KEVIN CABALLERO','KEVIN CABALLERO','2025-11-11 01:44:47'),(13,'2025-11-10 19:45:00','2025-11-10 20:00:00',1000000.00,1002000.00,100000.00,98000.00,1002000.00,1002000.00,0.00,NULL,NULL,'CERRADA','KEVIN CABALLERO','KEVIN CABALLERO','2025-11-11 01:45:17'),(14,'2025-11-10 20:14:00','2025-11-10 20:15:00',0.00,3000000.00,3100000.00,98000.00,3002000.00,3000000.00,-2000.00,NULL,NULL,'CERRADA','KEVIN CABALLERO','KEVIN CABALLERO','2025-11-11 02:14:38'),(15,'2025-11-11 14:22:00','2025-11-12 18:55:00',0.00,0.00,0.00,0.00,0.00,0.00,0.00,NULL,NULL,'CERRADA','KEVIN CABALLERO','Administrador','2025-11-11 20:22:40'),(16,'2025-11-13 14:20:00','2025-11-13 19:50:00',0.00,0.00,112172.92,275000.00,-162827.08,0.00,162827.08,NULL,NULL,'CERRADA','Administrador','Administrador','2025-11-13 20:20:48'),(17,'2025-11-13 19:51:00','2025-11-13 19:54:00',200000.00,940000.00,1012172.92,275000.00,937172.92,940000.00,2827.08,NULL,NULL,'CERRADA','Administrador','Administrador','2025-11-14 01:51:39'),(18,'2025-11-14 18:36:00','2025-11-14 19:34:00',500000.00,2000000.00,1156172.92,139000.00,1517172.92,2000000.00,482827.08,NULL,NULL,'CERRADA','KEVIN CABALLERO','Administrador','2025-11-15 00:36:44'),(19,'2025-11-21 15:10:00','2025-11-21 15:23:00',0.00,85000.00,85000.00,0.00,85000.00,85000.00,0.00,NULL,NULL,'CERRADA','Administrador','Administrador','2025-11-21 21:10:40'),(20,'2025-11-21 15:23:00','2025-11-21 15:23:00',0.00,85000.00,85000.00,0.00,85000.00,85000.00,0.00,NULL,NULL,'CERRADA','Administrador','Administrador','2025-11-21 21:23:47'),(21,'2025-11-21 17:09:00','2025-11-21 17:09:00',0.00,85000.00,85000.00,0.00,85000.00,85000.00,0.00,NULL,NULL,'CERRADA','Administrador','Administrador','2025-11-21 23:09:28'),(22,'2025-11-21 17:09:00','2025-11-21 17:12:00',85000.00,170000.00,85000.00,0.00,170000.00,170000.00,0.00,NULL,NULL,'CERRADA','Administrador','Administrador','2025-11-21 23:09:51'),(23,'2025-11-21 17:13:00',NULL,0.00,NULL,0.00,0.00,NULL,NULL,NULL,NULL,NULL,'ABIERTA','Administrador',NULL,'2025-11-21 23:13:25');
/*!40000 ALTER TABLE `cierres_caja` ENABLE KEYS */;
UNLOCK TABLES;
DROP TABLE IF EXISTS `clientes`;
/*!40101 SET @saved_cs_client     = @@character_set_client */;
/*!50503 SET character_set_client = utf8mb4 */;
CREATE TABLE `clientes` (
  `id` int NOT NULL AUTO_INCREMENT,
  `nombre_cliente` varchar(100) NOT NULL,
  `apellido_cliente` varchar(100) NOT NULL,
  `ci_ruc_cliente` varchar(20) NOT NULL,
  `telefono_cliente` varchar(20) DEFAULT NULL,
  `correo_cliente` varchar(150) DEFAULT NULL,
  `direccion_cliente` varchar(150) DEFAULT NULL,
  `fecha_cliente` timestamp NOT NULL DEFAULT CURRENT_TIMESTAMP,
  `usuario_registro` varchar(100) DEFAULT NULL,
  `estado_cliente` tinyint NOT NULL DEFAULT '1',
  `usuario_modificacion` varchar(100) DEFAULT NULL,
  `fecha_modificacion` timestamp NULL DEFAULT NULL ON UPDATE CURRENT_TIMESTAMP,
  PRIMARY KEY (`id`),
  UNIQUE KEY `ci_ruc_cliente_u` (`ci_ruc_cliente`)
) ENGINE=InnoDB AUTO_INCREMENT=11 DEFAULT CHARSET=latin1;
/*!40101 SET character_set_client = @saved_cs_client */;

LOCK TABLES `clientes` WRITE;
/*!40000 ALTER TABLE `clientes` DISABLE KEYS */;
INSERT INTO `clientes` VALUES (1,'KEVIN SEBASTIAN','CABALLERO GODOY','123423','0975999999','ejemplo@gmail.com','CALLE 1 C/ CALLE 3','2025-09-17 22:42:30',NULL,1,NULL,'2025-11-09 07:47:26'),(2,'SDADS','ADASD','3423423','','','','2025-09-21 01:31:03',NULL,1,NULL,NULL),(3,'KEVIN SEBASTIAN','CABALLERO GODOY','3455545','0909090909','ejemplo@gmail.com','CALLE 1 C/ CALLE 2','2025-09-21 03:46:17',NULL,1,NULL,NULL),(4,'PRUEBA','PP','3243','','','','2025-09-21 06:21:17',NULL,1,NULL,NULL),(5,'PRUEBA4','DFFSFDSS','123456789','','','','2025-09-21 13:43:29',NULL,1,NULL,NULL),(6,'GHDFB','SDFSDFGDSDFSDF','3564','','sdfsdfsdf@gmail.com','','2025-09-24 19:49:17',NULL,1,NULL,NULL),(7,'MAGNA ADELINA','GODOY OLMEDO','4305336','0972617447','magnitagodoy2016@gmail.com','SAN JUAN','2025-10-24 00:08:15',NULL,1,NULL,NULL),(8,'LUNA YOMAIRA','CABALLERO GODOY','4444444','45678976443','lunananana@gmail.com','SDASDASDADS','2025-11-04 00:21:04',NULL,1,NULL,NULL),(9,'YANI','APELLIDO','23456789','49','','AAAA','2025-11-09 07:11:38',NULL,1,NULL,NULL),(10,'NOMBRE NOMBRE','APELLIDO APELLIDO','87654322','453443445','a@gmeil.com','ADSSSSSSSS','2025-11-15 00:38:01',NULL,1,NULL,'2025-11-15 00:38:18');
/*!40000 ALTER TABLE `clientes` ENABLE KEYS */;
UNLOCK TABLES;
DROP TABLE IF EXISTS `compras`;
/*!40101 SET @saved_cs_client     = @@character_set_client */;
/*!50503 SET character_set_client = utf8mb4 */;
CREATE TABLE `compras` (
  `id` int NOT NULL AUTO_INCREMENT,
  `id_proveedor` int NOT NULL,
  `numero_compra` varchar(50) DEFAULT NULL COMMENT 'Número de factura o recibo',
  `fecha_compra` date NOT NULL,
  `total_compra` decimal(10,2) NOT NULL DEFAULT '0.00',
  `observaciones` text,
  `estado_compra` tinyint(1) NOT NULL DEFAULT '1' COMMENT '1=Activa, 0=Anulada',
  `fecha_registro` timestamp NOT NULL DEFAULT CURRENT_TIMESTAMP,
  `usuario_registro` varchar(100) DEFAULT NULL,
  PRIMARY KEY (`id`),
  KEY `idx_proveedor` (`id_proveedor`),
  KEY `idx_fecha` (`fecha_compra`)
) ENGINE=InnoDB AUTO_INCREMENT=24 DEFAULT CHARSET=latin1;
/*!40101 SET character_set_client = @saved_cs_client */;

LOCK TABLES `compras` WRITE;
/*!40000 ALTER TABLE `compras` DISABLE KEYS */;
INSERT INTO `compras` VALUES (1,4,NULL,'2025-10-08',1400000.00,NULL,1,'2025-10-08 20:07:39',NULL),(2,2,NULL,'2025-10-08',60000.00,NULL,1,'2025-10-08 20:10:31',NULL),(3,6,NULL,'2025-10-08',100000.00,NULL,1,'2025-10-08 20:13:02',NULL),(4,1,NULL,'2025-10-08',19000.00,'',1,'2025-10-08 20:15:32',NULL),(5,4,NULL,'2025-10-08',350000.00,'',1,'2025-10-08 20:18:04',NULL),(6,4,NULL,'2025-10-08',515000.00,'',1,'2025-10-08 20:20:15',NULL),(9,3,NULL,'2025-10-12',3040000.00,'',1,'2025-10-12 00:44:06',NULL),(13,3,NULL,'2025-10-15',19000.00,'',1,'2025-10-15 00:24:46',NULL),(14,1,NULL,'2025-10-15',1000.00,'',1,'2025-10-15 00:42:53',NULL),(15,1,'4567','2025-10-13',100000.00,'',1,'2025-10-15 00:43:32',NULL),(16,3,NULL,'2025-10-15',19000.00,'',1,'2025-10-15 00:45:46',NULL),(17,3,NULL,'2025-10-15',19000.00,'',1,'2025-10-15 00:48:49',NULL),(18,2,NULL,'2025-10-15',20000.00,'',1,'2025-10-15 00:49:36',NULL),(20,2,NULL,'2025-10-15',200000.00,'',1,'2025-10-15 20:07:45',NULL),(21,2,'4567887654','2025-11-05',180000.00,'',1,'2025-11-05 01:01:54',NULL),(22,6,'324232342333','2025-11-15',150000.00,'',1,'2025-11-15 01:21:57',NULL);
/*!40000 ALTER TABLE `compras` ENABLE KEYS */;
UNLOCK TABLES;
DROP TABLE IF EXISTS `configuracion_sistema`;
/*!40101 SET @saved_cs_client     = @@character_set_client */;
/*!50503 SET character_set_client = utf8mb4 */;
CREATE TABLE `configuracion_sistema` (
  `id` int NOT NULL AUTO_INCREMENT,
  `clave` varchar(100) NOT NULL,
  `valor` text NOT NULL,
  `descripcion` varchar(255) DEFAULT NULL,
  `tipo` enum('TEXTO','NUMERO','BOOLEAN','JSON') DEFAULT 'TEXTO',
  `fecha_actualizacion` timestamp NULL DEFAULT CURRENT_TIMESTAMP ON UPDATE CURRENT_TIMESTAMP,
  PRIMARY KEY (`id`),
  UNIQUE KEY `clave` (`clave`)
) ENGINE=InnoDB AUTO_INCREMENT=5 DEFAULT CHARSET=utf8mb4 COLLATE=utf8mb4_0900_ai_ci;
/*!40101 SET character_set_client = @saved_cs_client */;

LOCK TABLES `configuracion_sistema` WRITE;
/*!40000 ALTER TABLE `configuracion_sistema` DISABLE KEYS */;
INSERT INTO `configuracion_sistema` VALUES (1,'dias_limite_anulacion','30','Días máximos para anular una venta','NUMERO','2025-11-02 17:16:46'),(2,'requiere_motivo_anulacion','1','Si se requiere motivo obligatorio para anular','BOOLEAN','2025-11-02 17:16:46'),(3,'permitir_anular_factura','1','Permitir anular facturas (genera nota de crédito)','BOOLEAN','2025-11-02 17:16:46'),(4,'generar_nota_credito_auto','0','Generar nota de crédito automáticamente','BOOLEAN','2025-11-02 17:16:46');
/*!40000 ALTER TABLE `configuracion_sistema` ENABLE KEYS */;
UNLOCK TABLES;
DROP TABLE IF EXISTS `cuentas_corrientes`;
/*!40101 SET @saved_cs_client     = @@character_set_client */;
/*!50503 SET character_set_client = utf8mb4 */;
CREATE TABLE `cuentas_corrientes` (
  `id` int NOT NULL AUTO_INCREMENT,
  `id_cliente` int NOT NULL,
  `id_venta` int DEFAULT NULL,
  `tipo_movimiento` enum('DEBITO','CREDITO') NOT NULL,
  `monto` decimal(12,2) NOT NULL,
  `saldo_actual` decimal(12,2) NOT NULL,
  `descripcion` varchar(255) DEFAULT NULL,
  `fecha_registro` timestamp NULL DEFAULT CURRENT_TIMESTAMP,
  PRIMARY KEY (`id`),
  KEY `idx_cc_cliente` (`id_cliente`),
  KEY `idx_cc_venta` (`id_venta`),
  CONSTRAINT `fk_cc_cliente` FOREIGN KEY (`id_cliente`) REFERENCES `clientes` (`id`) ON DELETE CASCADE ON UPDATE CASCADE
) ENGINE=InnoDB AUTO_INCREMENT=6 DEFAULT CHARSET=utf8mb4 COLLATE=utf8mb4_0900_ai_ci;
/*!40101 SET character_set_client = @saved_cs_client */;

LOCK TABLES `cuentas_corrientes` WRITE;
/*!40000 ALTER TABLE `cuentas_corrientes` DISABLE KEYS */;
INSERT INTO `cuentas_corrientes` VALUES (1,1,26,'DEBITO',25000.00,25000.00,'Venta #26 FIADA (TICKET: 0000026)','2025-11-09 18:40:22'),(2,1,NULL,'CREDITO',26000.00,-1000.00,'Pago TOTAL - Excedente a favor del cliente','2025-11-09 18:57:56'),(3,7,31,'DEBITO',40000.00,40000.00,'Venta #31 FIADA (TICKET: 0000031)','2025-11-15 01:29:39'),(4,7,NULL,'CREDITO',50000.00,-10000.00,'Pago TOTAL - Excedente a favor del cliente','2025-11-15 01:30:14'),(5,1,35,'DEBITO',30000.00,29000.00,'Venta #35 FIADA (TICKET: 0000035)','2025-11-21 23:47:04');
/*!40000 ALTER TABLE `cuentas_corrientes` ENABLE KEYS */;
UNLOCK TABLES;
DROP TABLE IF EXISTS `cuotas_venta`;
/*!40101 SET @saved_cs_client     = @@character_set_client */;
/*!50503 SET character_set_client = utf8mb4 */;
CREATE TABLE `cuotas_venta` (
  `id` int NOT NULL AUTO_INCREMENT,
  `id_venta` int NOT NULL,
  `numero` int NOT NULL,
  `monto` decimal(12,2) NOT NULL,
  `fecha_vencimiento` date NOT NULL,
  `estado` enum('PENDIENTE','PAGADA') DEFAULT 'PENDIENTE',
  `fecha_pago` date DEFAULT NULL,
  PRIMARY KEY (`id`),
  KEY `idx_cuotas_venta` (`id_venta`),
  CONSTRAINT `fk_cuotas_venta_venta` FOREIGN KEY (`id_venta`) REFERENCES `ventas` (`id`) ON DELETE CASCADE ON UPDATE CASCADE
) ENGINE=InnoDB AUTO_INCREMENT=43 DEFAULT CHARSET=utf8mb4 COLLATE=utf8mb4_0900_ai_ci;
/*!40101 SET character_set_client = @saved_cs_client */;

LOCK TABLES `cuotas_venta` WRITE;
/*!40000 ALTER TABLE `cuotas_venta` DISABLE KEYS */;
INSERT INTO `cuotas_venta` VALUES (6,7,1,62172.92,'2025-10-26','PAGADA','2025-11-09'),(7,7,2,62172.92,'2025-11-25','PENDIENTE',NULL),(8,7,3,62172.92,'2025-12-25','PAGADA','2025-11-14'),(9,7,4,62172.92,'2026-01-24','PENDIENTE',NULL),(10,7,5,62172.92,'2026-02-23','PENDIENTE',NULL),(11,7,6,62172.92,'2026-03-25','PENDIENTE',NULL),(12,7,7,62172.92,'2026-04-24','PENDIENTE',NULL),(13,7,8,62172.92,'2026-05-24','PENDIENTE',NULL),(14,7,9,62172.92,'2026-06-23','PENDIENTE',NULL),(15,7,10,62172.92,'2026-07-23','PENDIENTE',NULL),(16,7,11,62172.92,'2026-08-22','PENDIENTE',NULL),(17,7,12,62172.92,'2026-09-21','PENDIENTE',NULL),(18,8,1,183333.33,'2025-10-23','PAGADA','2025-11-09'),(19,8,2,183333.33,'2025-11-22','PAGADA','2025-11-09'),(20,8,3,183333.33,'2025-12-22','PAGADA','2025-11-09'),(31,23,1,25000.00,'2025-11-10','PAGADA','2025-11-14'),(32,23,2,25000.00,'2025-12-10','PAGADA','2025-11-21'),(33,24,1,5000.00,'2025-11-09','PAGADA','2025-11-15'),(34,24,2,5000.00,'2025-12-09','PENDIENTE',NULL),(35,28,1,225000.00,'2025-11-14','PAGADA','2025-11-14'),(36,28,2,225000.00,'2025-12-14','PAGADA','2025-11-14'),(37,28,3,225000.00,'2026-01-13','PAGADA','2025-11-14'),(38,28,4,225000.00,'2026-02-12','PAGADA','2025-11-14'),(39,30,1,12500.00,'2025-11-15','PAGADA','2025-11-15'),(40,30,2,12500.00,'2025-12-15','PAGADA','2025-11-15'),(41,30,3,12500.00,'2026-01-14','PAGADA','2025-11-15'),(42,30,4,12500.00,'2026-02-13','PAGADA','2025-11-15');
/*!40000 ALTER TABLE `cuotas_venta` ENABLE KEYS */;
UNLOCK TABLES;
DROP TABLE IF EXISTS `detalle_compras`;
/*!40101 SET @saved_cs_client     = @@character_set_client */;
/*!50503 SET character_set_client = utf8mb4 */;
CREATE TABLE `detalle_compras` (
  `id` int NOT NULL AUTO_INCREMENT,
  `id_compra` int NOT NULL,
  `id_producto` int NOT NULL,
  `cantidad` int NOT NULL,
  `precio_unitario` decimal(10,2) NOT NULL COMMENT 'Precio de compra',
  `subtotal` decimal(10,2) NOT NULL,
  PRIMARY KEY (`id`),
  KEY `idx_compra` (`id_compra`),
  KEY `idx_producto` (`id_producto`),
  CONSTRAINT `fk_detallecompras_compra` FOREIGN KEY (`id_compra`) REFERENCES `compras` (`id`) ON DELETE CASCADE ON UPDATE CASCADE
) ENGINE=InnoDB AUTO_INCREMENT=20 DEFAULT CHARSET=latin1;
/*!40101 SET character_set_client = @saved_cs_client */;

LOCK TABLES `detalle_compras` WRITE;
/*!40000 ALTER TABLE `detalle_compras` DISABLE KEYS */;
INSERT INTO `detalle_compras` VALUES (1,1,3,56,25000.00,1400000.00),(2,2,2,20,3000.00,60000.00),(3,3,2,20,5000.00,100000.00),(4,4,1,19,1000.00,19000.00),(5,5,3,14,25000.00,350000.00),(6,6,3,20,25000.00,500000.00),(7,6,1,10,1500.00,15000.00),(10,9,3,160,19000.00,3040000.00),(13,18,3,1,20000.00,20000.00),(15,20,3,10,20000.00,200000.00),(17,21,3,9,20000.00,180000.00),(18,22,2,30,5000.00,150000.00);
/*!40000 ALTER TABLE `detalle_compras` ENABLE KEYS */;
UNLOCK TABLES;
DROP TABLE IF EXISTS `detalle_ventas`;
/*!40101 SET @saved_cs_client     = @@character_set_client */;
/*!50503 SET character_set_client = utf8mb4 */;
CREATE TABLE `detalle_ventas` (
  `id` int NOT NULL AUTO_INCREMENT,
  `id_venta` int NOT NULL,
  `tipo_item` enum('PRODUCTO','SERVICIO') NOT NULL,
  `id_item` int NOT NULL COMMENT 'ID del producto o servicio',
  `descripcion` varchar(200) NOT NULL COMMENT 'Nombre guardado al momento de la venta',
  `codigo` varchar(100) DEFAULT NULL,
  `cantidad` int NOT NULL DEFAULT '1',
  `precio_unitario` decimal(10,2) NOT NULL COMMENT 'Precio al momento de la venta (productos: automático, servicios: manual)',
  `porcentaje_iva` decimal(5,2) NOT NULL DEFAULT '10.00',
  `monto_iva` decimal(12,2) NOT NULL DEFAULT '0.00',
  `total_linea` decimal(12,2) NOT NULL DEFAULT '0.00',
  `subtotal` decimal(10,2) NOT NULL,
  PRIMARY KEY (`id`),
  KEY `idx_venta` (`id_venta`),
  KEY `idx_tipo_item` (`tipo_item`,`id_item`),
  CONSTRAINT `fk_detalleventas_venta` FOREIGN KEY (`id_venta`) REFERENCES `ventas` (`id`) ON DELETE CASCADE ON UPDATE CASCADE
) ENGINE=InnoDB AUTO_INCREMENT=55 DEFAULT CHARSET=latin1;
/*!40101 SET character_set_client = @saved_cs_client */;

LOCK TABLES `detalle_ventas` WRITE;
/*!40000 ALTER TABLE `detalle_ventas` DISABLE KEYS */;
INSERT INTO `detalle_ventas` VALUES (1,1,'PRODUCTO',1,'BIROME BIC AZUL',NULL,6,3000.00,10.00,0.00,0.00,18000.00),(2,1,'SERVICIO',13,'MANTENIMIENTO DE IMPRESORA',NULL,1,30000.00,10.00,0.00,0.00,30000.00),(3,2,'PRODUCTO',2,'RESMA A4',NULL,2,50000.00,10.00,0.00,0.00,100000.00),(4,2,'SERVICIO',13,'MANTENIMIENTO DE IMPRESORA',NULL,1,30000.00,10.00,0.00,0.00,30000.00),(5,2,'PRODUCTO',3,'RESMA A5+',NULL,10,30000.00,10.00,0.00,0.00,300000.00),(6,3,'PRODUCTO',2,'RESMA A4',NULL,10,50000.00,10.00,0.00,0.00,500000.00),(7,3,'PRODUCTO',3,'RESMA A5+',NULL,1,30000.00,10.00,0.00,0.00,30000.00),(8,3,'SERVICIO',14,'MANTENIMIENTO DE LAPTOP',NULL,1,30000.00,10.00,0.00,0.00,30000.00),(9,4,'PRODUCTO',5,'BORRADOR',NULL,1,3000.00,10.00,0.00,0.00,3000.00),(10,5,'PRODUCTO',6,'REGLA 30CM',NULL,50,5000.00,10.00,0.00,0.00,250000.00),(11,6,'PRODUCTO',6,'REGLA 30CM',NULL,10,5000.00,10.00,0.00,0.00,50000.00),(12,6,'SERVICIO',16,'IMPRESIóN A COLOR',NULL,10,1000.00,10.00,0.00,0.00,10000.00),(13,7,'PRODUCTO',1,'BIROME BIC AZUL',NULL,10,3000.00,10.00,0.00,0.00,30000.00),(14,7,'PRODUCTO',6,'REGLA 30CM',NULL,10,5000.00,10.00,0.00,0.00,50000.00),(15,7,'PRODUCTO',5,'BORRADOR',NULL,9,3000.00,10.00,0.00,0.00,27000.00),(16,7,'PRODUCTO',2,'RESMA A4',NULL,10,50000.00,10.00,0.00,0.00,500000.00),(17,7,'SERVICIO',17,'FOTOCOPIAS',NULL,165,250.00,10.00,0.00,0.00,41250.00),(18,7,'SERVICIO',16,'IMPRESIóN A COLOR',NULL,15,2000.00,10.00,0.00,0.00,30000.00),(19,8,'SERVICIO',15,'MANTENIMIENTO DE PC DE ESCRITORIO',NULL,1,500000.00,10.00,0.00,0.00,500000.00),(20,9,'PRODUCTO',6,'REGLA 30CM',NULL,10,5000.00,10.00,0.00,0.00,50000.00),(21,9,'SERVICIO',16,'IMPRESIóN A COLOR',NULL,1,1000.00,10.00,0.00,0.00,1000.00),(22,10,'PRODUCTO',1,'BIROME BIC AZUL',NULL,1,3000.00,10.00,0.00,0.00,3000.00),(23,11,'PRODUCTO',2,'RESMA A4',NULL,10,50000.00,10.00,0.00,0.00,500000.00),(24,11,'PRODUCTO',3,'RESMA A5+',NULL,21,30000.00,10.00,0.00,0.00,630000.00),(25,12,'SERVICIO',15,'MANTENIMIENTO DE PC DE ESCRITORIO',NULL,1,100000.00,10.00,0.00,0.00,100000.00),(26,12,'PRODUCTO',6,'REGLA 30CM',NULL,30,5000.00,10.00,0.00,0.00,150000.00),(27,13,'PRODUCTO',6,'REGLA 30CM',NULL,10,5000.00,10.00,0.00,0.00,50000.00),(28,13,'SERVICIO',17,'FOTOCOPIAS',NULL,100,250.00,10.00,0.00,0.00,25000.00),(29,13,'PRODUCTO',2,'RESMA A4',NULL,30,50000.00,10.00,0.00,0.00,1500000.00),(30,14,'PRODUCTO',1,'BIROME BIC AZUL',NULL,9,3000.00,10.00,0.00,0.00,27000.00),(31,15,'PRODUCTO',1,'BIROME BIC AZUL',NULL,10,3000.00,10.00,0.00,0.00,30000.00),(32,15,'SERVICIO',17,'FOTOCOPIAS',NULL,100,250.00,10.00,0.00,0.00,25000.00),(33,16,'PRODUCTO',1,'BIROME BIC AZUL',NULL,10,3000.00,10.00,0.00,0.00,30000.00),(34,17,'SERVICIO',16,'IMPRESIóN A COLOR',NULL,10,2000.00,10.00,0.00,0.00,20000.00),(35,18,'SERVICIO',17,'FOTOCOPIAS',NULL,50,250.00,10.00,0.00,0.00,12500.00),(36,19,'PRODUCTO',1,'BIROME BIC AZUL',NULL,1,3000.00,10.00,0.00,0.00,3000.00),(37,20,'PRODUCTO',1,'BIROME BIC AZUL',NULL,1,3000.00,10.00,0.00,0.00,3000.00),(38,21,'PRODUCTO',1,'BIROME BIC AZUL',NULL,1,3000.00,10.00,0.00,0.00,3000.00),(39,22,'SERVICIO',17,'FOTOCOPIAS',NULL,100,500.00,10.00,0.00,0.00,50000.00),(40,22,'PRODUCTO',1,'BIROME BIC AZUL',NULL,20,3000.00,10.00,0.00,0.00,60000.00),(41,22,'PRODUCTO',6,'REGLA 30CM',NULL,100,5000.00,10.00,0.00,0.00,500000.00),(42,23,'SERVICIO',17,'FOTOCOPIAS',NULL,200,250.00,10.00,0.00,0.00,50000.00),(43,24,'SERVICIO',16,'IMPRESIóN A COLOR',NULL,10,1000.00,10.00,0.00,0.00,10000.00),(44,25,'SERVICIO',17,'FOTOCOPIAS',NULL,10,250.00,10.00,0.00,0.00,2500.00),(45,26,'SERVICIO',17,'FOTOCOPIAS',NULL,100,250.00,10.00,0.00,0.00,25000.00),(46,27,'SERVICIO',13,'MANTENIMIENTO DE IMPRESORA',NULL,1,3000000.00,10.00,0.00,0.00,3000000.00),(47,28,'SERVICIO',13,'MANTENIMIENTO DE IMPRESORA',NULL,1,900000.00,10.00,0.00,0.00,900000.00),(48,29,'PRODUCTO',11,'BIROME AZUL BIC PUNTA GRUESA',NULL,10,2900.00,10.00,0.00,0.00,29000.00),(49,30,'SERVICIO',17,'FOTOCOPIAS',NULL,100,500.00,10.00,0.00,0.00,50000.00),(50,31,'SERVICIO',19,'TRABAJO PRáCTICO 2',NULL,1,40000.00,10.00,0.00,0.00,40000.00),(51,32,'PRODUCTO',5,'BORRADOR',NULL,10,3000.00,10.00,0.00,0.00,30000.00),(52,33,'PRODUCTO',5,'BORRADOR',NULL,10,3000.00,10.00,0.00,0.00,30000.00),(53,34,'PRODUCTO',11,'BIROME AZUL BIC PUNTA GRUESA',NULL,2,2900.00,10.00,0.00,0.00,5800.00),(54,35,'PRODUCTO',1,'BIROME BIC AZUL',NULL,10,3000.00,10.00,0.00,0.00,30000.00);
/*!40000 ALTER TABLE `detalle_ventas` ENABLE KEYS */;
UNLOCK TABLES;
DROP TABLE IF EXISTS `historial_anulaciones`;
/*!40101 SET @saved_cs_client     = @@character_set_client */;
/*!50503 SET character_set_client = utf8mb4 */;
CREATE TABLE `historial_anulaciones` (
  `id` int NOT NULL AUTO_INCREMENT,
  `id_venta` int NOT NULL,
  `tipo_documento` varchar(50) DEFAULT NULL,
  `numero_documento` varchar(100) DEFAULT NULL,
  `monto_anulado` decimal(12,2) NOT NULL,
  `motivo` text NOT NULL,
  `usuario_anula` varchar(100) NOT NULL,
  `fecha_anulacion` datetime NOT NULL,
  `detalles_json` text,
  `fecha_registro` timestamp NULL DEFAULT CURRENT_TIMESTAMP,
  PRIMARY KEY (`id`),
  KEY `id_venta` (`id_venta`),
  KEY `idx_fecha` (`fecha_anulacion`),
  KEY `idx_usuario` (`usuario_anula`),
  CONSTRAINT `historial_anulaciones_ibfk_1` FOREIGN KEY (`id_venta`) REFERENCES `ventas` (`id`) ON DELETE CASCADE
) ENGINE=InnoDB AUTO_INCREMENT=17 DEFAULT CHARSET=utf8mb4 COLLATE=utf8mb4_0900_ai_ci;
/*!40101 SET character_set_client = @saved_cs_client */;

LOCK TABLES `historial_anulaciones` WRITE;
/*!40000 ALTER TABLE `historial_anulaciones` DISABLE KEYS */;
INSERT INTO `historial_anulaciones` VALUES (1,12,'FACTURA','001-001-0000837',250000.00,'Prueba 1','ADMIN','2025-11-02 13:21:45','{\"productos_revertidos\":1,\"servicios\":1,\"items_totales\":2,\"cliente\":\"MAGNA ADELINA GODOY OLMEDO\",\"movimiento_caja_id\":\"29\"}','2025-11-02 17:21:45'),(2,14,'FACTURA','001-001-0000839',27000.00,'wery','ADMIN','2025-11-02 13:23:03','{\"productos_revertidos\":1,\"servicios\":0,\"items_totales\":1,\"cliente\":\"MAGNA ADELINA GODOY OLMEDO\",\"movimiento_caja_id\":\"30\"}','2025-11-02 17:23:03'),(3,11,'FACTURA','001-001-0000836',1130000.00,'prueba23','ADMIN','2025-11-02 16:09:29','{\"productos_revertidos\":2,\"servicios\":0,\"items_totales\":2,\"cliente\":\"MAGNA ADELINA GODOY OLMEDO\",\"movimiento_caja_id\":\"31\"}','2025-11-02 20:09:29'),(4,13,'FACTURA','001-001-0000838',1575000.00,'wdsfghkjl','ADMIN','2025-11-02 16:13:10','{\"productos_revertidos\":2,\"servicios\":1,\"items_totales\":3,\"cliente\":\"MAGNA ADELINA GODOY OLMEDO\",\"movimiento_caja_id\":\"32\"}','2025-11-02 20:13:10'),(5,10,'FACTURA','001-001-0000835',3000.00,'prueba444','ADMIN','2025-11-02 21:21:03','{\"productos_revertidos\":1,\"servicios\":0,\"items_totales\":1,\"cliente\":\"KEVIN SEBASTIAN CABALLERO GODOY\",\"movimiento_caja_id\":\"33\"}','2025-11-03 01:21:03'),(6,6,'FACTURA','N/A',66000.00,'wergh','ADMIN','2025-11-02 21:21:49','{\"productos_revertidos\":1,\"servicios\":1,\"items_totales\":2,\"cliente\":\"KEVIN SEBASTIAN CABALLERO GODOY\",\"movimiento_caja_id\":\"34\"}','2025-11-03 01:21:49'),(7,16,'FACTURA','001-001-0000841',30000.00,'Anulación de prueba','ADMIN','2025-11-05 16:51:11','{\"productos_revertidos\":1,\"servicios\":0,\"items_totales\":1,\"cliente\":\"KEVIN SEBASTIAN CABALLERO GODOY\",\"movimiento_caja_id\":\"39\"}','2025-11-05 19:51:11'),(8,19,'FACTURA','001-001-0000842',3000.00,'a','ADMIN','2025-11-05 17:05:58','{\"productos_revertidos\":1,\"servicios\":0,\"items_totales\":1,\"cliente\":\"KEVIN SEBASTIAN CABALLERO GODOY\",\"movimiento_caja_id\":\"41\"}','2025-11-05 20:05:58'),(9,21,'FACTURA','001-001-0000844',3000.00,'asdfg','KEVIN CABALLERO','2025-11-05 17:13:15','{\"productos_revertidos\":1,\"servicios\":0,\"items_totales\":1,\"cliente\":\"GHDFB SDFSDFGDSDFSDF\",\"movimiento_caja_id\":\"44\"}','2025-11-05 20:13:15'),(10,20,'FACTURA','001-001-0000843',3000.00,'dsfgh','KEVIN CABALLERO','2025-11-05 17:21:02','{\"productos_revertidos\":1,\"servicios\":0,\"items_totales\":1,\"cliente\":\"MAGNA ADELINA GODOY OLMEDO\",\"movimiento_caja_id\":\"45\"}','2025-11-05 20:21:02'),(11,18,'TICKET','0000018',12500.00,'si','KEVIN CABALLERO','2025-11-09 04:40:01','{\"productos_revertidos\":0,\"servicios\":1,\"items_totales\":1,\"cliente\":\"Cliente Gen\\u00e9rico\",\"movimiento_caja_id\":\"46\"}','2025-11-09 07:40:01'),(12,17,'VENTA','N/A',20000.00,'asd','KEVIN CABALLERO','2025-11-09 04:40:21','{\"productos_revertidos\":0,\"servicios\":1,\"items_totales\":1,\"cliente\":\"Cliente Gen\\u00e9rico\",\"movimiento_caja_id\":\"47\"}','2025-11-09 07:40:21'),(13,24,'FACTURA','001-001-0000847',10000.00,'l','KEVIN CABALLERO','2025-11-09 15:07:58','{\"productos_revertidos\":0,\"servicios\":1,\"items_totales\":1,\"cliente\":\"LUNA YOMAIRA CABALLERO GODOY\",\"movimiento_caja_id\":null}','2025-11-09 18:07:58'),(14,22,'FACTURA','001-001-0000845',610000.00,'prueba de anulación de credito','Administrador','2025-11-13 22:43:17','{\"productos_revertidos\":1,\"servicios\":1,\"items_totales\":3,\"cliente\":\"MAGNA ADELINA GODOY OLMEDO\",\"movimiento_caja_id\":null}','2025-11-14 01:43:17'),(15,5,'TICKET','0000001',275000.00,'sd','Administrador','2025-11-13 22:44:26','{\"productos_revertidos\":0,\"servicios\":0,\"items_totales\":1,\"cliente\":\"KEVIN SEBASTIAN CABALLERO GODOY\",\"movimiento_caja_id\":\"60\"}','2025-11-14 01:44:26'),(16,29,'TICKET','0000029',29000.00,'prueba anulación','KEVIN CABALLERO','2025-11-14 22:25:06','{\"productos_revertidos\":1,\"servicios\":0,\"items_totales\":1,\"cliente\":\"KEVIN SEBASTIAN CABALLERO GODOY\",\"movimiento_caja_id\":\"67\"}','2025-11-15 01:25:06');
/*!40000 ALTER TABLE `historial_anulaciones` ENABLE KEYS */;
UNLOCK TABLES;
DROP TABLE IF EXISTS `historial_stock`;
/*!40101 SET @saved_cs_client     = @@character_set_client */;
/*!50503 SET character_set_client = utf8mb4 */;
CREATE TABLE `historial_stock` (
  `id` int NOT NULL AUTO_INCREMENT,
  `id_producto` int NOT NULL,
  `tipo_movimiento` enum('ENTRADA','SALIDA','AJUSTE') NOT NULL,
  `cantidad` int NOT NULL,
  `stock_anterior` int NOT NULL,
  `stock_nuevo` int NOT NULL,
  `motivo` varchar(200) NOT NULL,
  `id_referencia` int DEFAULT NULL COMMENT 'ID de compra/venta/ajuste',
  `fecha_movimiento` timestamp NOT NULL DEFAULT CURRENT_TIMESTAMP,
  PRIMARY KEY (`id`),
  KEY `idx_producto` (`id_producto`),
  KEY `idx_tipo` (`tipo_movimiento`),
  KEY `idx_fecha` (`fecha_movimiento`),
  CONSTRAINT `fk_historial_producto` FOREIGN KEY (`id_producto`) REFERENCES `productos` (`id`) ON DELETE CASCADE ON UPDATE CASCADE
) ENGINE=InnoDB AUTO_INCREMENT=86 DEFAULT CHARSET=latin1;
/*!40101 SET character_set_client = @saved_cs_client */;

LOCK TABLES `historial_stock` WRITE;
/*!40000 ALTER TABLE `historial_stock` DISABLE KEYS */;
INSERT INTO `historial_stock` VALUES (1,3,'ENTRADA',56,30,86,'COMPRA #1 - Proveedor ID: 4',1,'2025-10-08 20:07:39'),(2,2,'ENTRADA',20,310,330,'COMPRA #2 - Proveedor ID: 2',2,'2025-10-08 20:10:31'),(3,2,'ENTRADA',20,330,350,'COMPRA #3 - Proveedor ID: 6',3,'2025-10-08 20:13:02'),(4,1,'ENTRADA',19,11,30,'COMPRA #4 - Proveedor ID: 1',4,'2025-10-08 20:15:32'),(5,3,'ENTRADA',14,86,100,'COMPRA #5 - Proveedor ID: 4',5,'2025-10-08 20:18:04'),(6,3,'ENTRADA',20,100,120,'COMPRA #6 - Proveedor ID: 4',6,'2025-10-08 20:20:15'),(7,1,'ENTRADA',10,30,40,'COMPRA #6 - Proveedor ID: 4',6,'2025-10-08 20:20:15'),(8,3,'ENTRADA',130,120,250,'COMPRA #7 - Proveedor ID: 4',7,'2025-10-09 19:53:54'),(9,3,'ENTRADA',10,250,260,'COMPRA #8 - Proveedor ID: 4',8,'2025-10-12 00:43:13'),(10,3,'ENTRADA',160,260,420,'COMPRA #9 - Proveedor ID: 3',9,'2025-10-12 00:44:06'),(11,1,'SALIDA',6,40,34,'VENTA #1',1,'2025-10-12 18:39:35'),(12,3,'ENTRADA',80,420,500,'COMPRA #10 - Proveedor ID: 4',10,'2025-10-14 01:57:50'),(13,2,'ENTRADA',50,350,400,'COMPRA #10 - Proveedor ID: 4',10,'2025-10-14 01:57:50'),(14,3,'SALIDA',80,500,420,'ELIMINACIÓN COMPRA #10',10,'2025-10-14 01:58:16'),(15,2,'SALIDA',50,400,350,'ELIMINACIÓN COMPRA #10',10,'2025-10-14 01:58:16'),(16,3,'SALIDA',10,420,410,'ELIMINACIÓN COMPRA #8',8,'2025-10-14 02:01:38'),(17,2,'SALIDA',2,350,348,'VENTA #2',2,'2025-10-14 02:03:30'),(18,3,'SALIDA',10,410,400,'VENTA #2',2,'2025-10-14 02:03:30'),(19,1,'ENTRADA',6,34,40,'ANULACIÓN VENTA #1',1,'2025-10-14 02:04:04'),(20,2,'ENTRADA',2,348,350,'ANULACIÓN VENTA #2',2,'2025-10-14 02:04:27'),(21,3,'ENTRADA',10,400,410,'ANULACIÓN VENTA #2',2,'2025-10-14 02:04:27'),(22,3,'ENTRADA',1,410,411,'COMPRA #18 - Proveedor ID: 2',18,'2025-10-15 00:49:36'),(23,2,'SALIDA',10,350,340,'VENTA #3',3,'2025-10-15 19:56:31'),(24,3,'SALIDA',1,411,410,'VENTA #3',3,'2025-10-15 19:56:31'),(25,5,'SALIDA',1,100,99,'VENTA #4',4,'2025-10-15 19:57:08'),(26,5,'ENTRADA',10,99,109,'COMPRA #19 - Proveedor ID: 7',19,'2025-10-15 19:57:48'),(27,3,'ENTRADA',10,410,420,'COMPRA #20 - Proveedor ID: 2',20,'2025-10-15 20:07:45'),(28,5,'AJUSTE',5,109,104,'AJUSTE COMPRA #19: -5 unidades',19,'2025-10-19 14:06:35'),(29,5,'AJUSTE',15,104,119,'AJUSTE COMPRA #19: +15 unidades',19,'2025-10-19 14:08:15'),(30,5,'AJUSTE',2,119,121,'AJUSTE COMPRA #19: +2 unidades',19,'2025-10-19 19:45:24'),(32,5,'AJUSTE',2,121,119,'AJUSTE COMPRA #19: -2 unidades',19,'2025-10-19 19:46:12'),(34,5,'SALIDA',20,119,99,'ELIMINACIÓN COMPRA #19',19,'2025-10-19 19:46:20'),(37,2,'ENTRADA',10,340,350,'ANULACIÓN VENTA #3',3,'2025-10-22 21:11:21'),(38,3,'ENTRADA',1,420,421,'ANULACIÓN VENTA #3',3,'2025-10-22 21:11:21'),(39,1,'SALIDA',10,40,30,'VENTA #7',7,'2025-10-22 21:15:59'),(41,5,'SALIDA',9,99,90,'VENTA #7',7,'2025-10-22 21:15:59'),(42,2,'SALIDA',10,350,340,'VENTA #7',7,'2025-10-22 21:15:59'),(44,1,'SALIDA',1,30,29,'VENTA #10',10,'2025-10-23 22:56:26'),(46,2,'SALIDA',10,340,330,'VENTA #11',11,'2025-10-24 00:09:48'),(47,3,'SALIDA',21,421,400,'VENTA #11',11,'2025-10-24 00:09:48'),(50,2,'SALIDA',30,330,300,'VENTA #13',13,'2025-10-24 22:17:40'),(51,1,'SALIDA',9,29,20,'VENTA #14',14,'2025-10-24 22:43:22'),(52,1,'SALIDA',10,20,10,'VENTA #15',15,'2025-10-29 21:35:27'),(53,1,'ENTRADA',10,10,20,'ANULACIÓN VENTA #15',15,'2025-10-29 22:07:13'),(55,1,'ENTRADA',9,20,29,'ANULACIÓN FACTURA #14 - Usuario: ADMIN - Motivo: wery',14,'2025-11-02 17:23:03'),(56,2,'ENTRADA',10,300,310,'ANULACIÓN FACTURA #11 - Usuario: ADMIN - Motivo: prueba23',11,'2025-11-02 20:09:29'),(57,3,'ENTRADA',21,400,421,'ANULACIÓN FACTURA #11 - Usuario: ADMIN - Motivo: prueba23',11,'2025-11-02 20:09:29'),(59,2,'ENTRADA',30,310,340,'ANULACIÓN FACTURA #13 - Usuario: ADMIN - Motivo: wdsfghkjl',13,'2025-11-02 20:13:10'),(60,1,'ENTRADA',1,29,30,'ANULACIÓN FACTURA #10 - Usuario: ADMIN - Motivo: prueba444',10,'2025-11-03 01:21:03'),(62,3,'ENTRADA',9,421,430,'COMPRA #21 - Proveedor ID: 2',21,'2025-11-05 01:01:54'),(63,1,'SALIDA',10,30,20,'VENTA #16',16,'2025-11-05 19:48:19'),(64,1,'ENTRADA',10,20,30,'ANULACIÓN FACTURA #16 - Usuario: ADMIN - Motivo: Anulación de prueba',16,'2025-11-05 19:51:11'),(65,1,'SALIDA',1,30,29,'VENTA #19',19,'2025-11-05 20:05:35'),(66,1,'ENTRADA',1,29,30,'ANULACIÓN FACTURA #19 - Usuario: ADMIN - Motivo: a',19,'2025-11-05 20:05:58'),(67,1,'SALIDA',1,30,29,'VENTA #20',20,'2025-11-05 20:06:24'),(68,1,'SALIDA',1,29,28,'VENTA #21',21,'2025-11-05 20:09:54'),(69,1,'ENTRADA',1,28,29,'ANULACIÓN FACTURA #21 - Usuario: KEVIN CABALLERO - Motivo: asdfg',21,'2025-11-05 20:13:15'),(70,1,'ENTRADA',1,29,30,'ANULACIÓN FACTURA #20 - Usuario: KEVIN CABALLERO - Motivo: dsfgh',20,'2025-11-05 20:21:02'),(71,1,'SALIDA',20,30,10,'VENTA #22',22,'2025-11-09 18:02:36'),(75,1,'ENTRADA',20,10,30,'ANULACIÓN FACTURA #22 - Usuario: Administrador - Motivo: prueba de anulación de credito',22,'2025-11-14 01:43:17'),(76,2,'ENTRADA',20,340,360,'COMPRA #22 - Proveedor ID: 6',22,'2025-11-15 01:21:57'),(77,2,'AJUSTE',10,360,370,'AJUSTE COMPRA #22: +10 unidades',22,'2025-11-15 01:22:18'),(78,11,'SALIDA',10,440,430,'VENTA #29',29,'2025-11-15 01:23:53'),(79,11,'ENTRADA',10,430,440,'ANULACIÓN TICKET #29 - Usuario: KEVIN CABALLERO - Motivo: prueba anulación',29,'2025-11-15 01:25:06'),(80,5,'SALIDA',10,90,80,'VENTA #32',32,'2025-11-21 21:11:07'),(81,5,'SALIDA',10,80,70,'VENTA #33',33,'2025-11-21 21:12:36'),(82,11,'SALIDA',2,440,438,'VENTA #34',34,'2025-11-21 23:36:55'),(83,2,'ENTRADA',10,370,380,'COMPRA #23 - Proveedor ID: 2',23,'2025-11-21 23:41:36'),(84,2,'SALIDA',10,380,370,'ELIMINACIÓN COMPRA #23',23,'2025-11-21 23:43:07'),(85,1,'SALIDA',10,30,20,'VENTA #35',35,'2025-11-21 23:47:04');
/*!40000 ALTER TABLE `historial_stock` ENABLE KEYS */;
UNLOCK TABLES;
DROP TABLE IF EXISTS `log_actividades`;
/*!40101 SET @saved_cs_client     = @@character_set_client */;
/*!50503 SET character_set_client = utf8mb4 */;
CREATE TABLE `log_actividades` (
  `id` int NOT NULL AUTO_INCREMENT,
  `usuario` varchar(100) NOT NULL,
  `accion` varchar(100) NOT NULL COMMENT 'Ej: CREAR, EDITAR, ELIMINAR, LOGIN, LOGOUT',
  `modulo` varchar(50) NOT NULL COMMENT 'Ej: CLIENTES, PRODUCTOS, VENTAS, CAJA',
  `descripcion` text NOT NULL,
  `ip_address` varchar(45) DEFAULT NULL,
  `user_agent` varchar(255) DEFAULT NULL,
  `datos_anteriores` text COMMENT 'JSON con datos antes del cambio',
  `datos_nuevos` text COMMENT 'JSON con datos después del cambio',
  `fecha_hora` timestamp NOT NULL DEFAULT CURRENT_TIMESTAMP,
  PRIMARY KEY (`id`),
  KEY `idx_usuario` (`usuario`),
  KEY `idx_modulo` (`modulo`),
  KEY `idx_fecha` (`fecha_hora`)
) ENGINE=InnoDB AUTO_INCREMENT=663 DEFAULT CHARSET=utf8mb4 COLLATE=utf8mb4_0900_ai_ci;
/*!40101 SET character_set_client = @saved_cs_client */;

LOCK TABLES `log_actividades` WRITE;
/*!40000 ALTER TABLE `log_actividades` DISABLE KEYS */;
INSERT INTO `log_actividades` VALUES (1,'Administrador','LOGIN','SISTEMA','Inicio de sesión exitoso','::1',NULL,NULL,NULL,'2025-11-04 00:12:58'),(2,'Administrador','LOGIN','SISTEMA','Inicio de sesión exitoso','::1',NULL,NULL,NULL,'2025-11-04 16:36:20'),(3,'Administrador','ACCESO','DASHBOARD','Acceso al panel principal','::1','Mozilla/5.0 (Windows NT 10.0; Win64; x64) AppleWebKit/537.36 (KHTML, like Gecko) Chrome/142.0.0.0 Safari/537.36',NULL,NULL,'2025-11-04 16:36:20'),(4,'Administrador','LOGOUT','SISTEMA','Cierre de sesión','::1',NULL,NULL,NULL,'2025-11-04 16:36:51'),(5,'Administrador','LOGIN','SISTEMA','Inicio de sesión exitoso','::1',NULL,NULL,NULL,'2025-11-04 16:36:55'),(6,'Administrador','ACCESO','DASHBOARD','Acceso al panel principal','::1','Mozilla/5.0 (Windows NT 10.0; Win64; x64) AppleWebKit/537.36 (KHTML, like Gecko) Chrome/142.0.0.0 Safari/537.36',NULL,NULL,'2025-11-04 16:36:55'),(7,'Administrador','ACCESO','DASHBOARD','Acceso al panel principal','::1','Mozilla/5.0 (Windows NT 10.0; Win64; x64) AppleWebKit/537.36 (KHTML, like Gecko) Chrome/142.0.0.0 Safari/537.36',NULL,NULL,'2025-11-04 16:37:15'),(8,'Administrador','ACCESO','DASHBOARD','Acceso al panel principal','::1','Mozilla/5.0 (Windows NT 10.0; Win64; x64) AppleWebKit/537.36 (KHTML, like Gecko) Chrome/142.0.0.0 Safari/537.36',NULL,NULL,'2025-11-04 16:37:26'),(9,'Administrador','ACCESO','CAJA','Acceso a apertura de caja','::1','Mozilla/5.0 (Windows NT 10.0; Win64; x64) AppleWebKit/537.36 (KHTML, like Gecko) Chrome/142.0.0.0 Safari/537.36',NULL,NULL,'2025-11-04 16:39:35'),(10,'Administrador','APERTURA_CAJA','CAJA','Apertura de caja #2 - Saldo inicial: ₲ 0','::1','Mozilla/5.0 (Windows NT 10.0; Win64; x64) AppleWebKit/537.36 (KHTML, like Gecko) Chrome/142.0.0.0 Safari/537.36',NULL,'{\"id_cierre\":\"2\",\"saldo_inicial\":0,\"fecha_apertura\":\"2025-11-04 10:39:00\",\"observaciones\":null}','2025-11-04 16:39:47'),(11,'Administrador','ACCESO','DASHBOARD','Acceso al panel principal','::1','Mozilla/5.0 (Windows NT 10.0; Win64; x64) AppleWebKit/537.36 (KHTML, like Gecko) Chrome/142.0.0.0 Safari/537.36',NULL,NULL,'2025-11-04 16:39:55'),(12,'Administrador','ACCESO','CAJA','Acceso a cierre de caja','::1','Mozilla/5.0 (Windows NT 10.0; Win64; x64) AppleWebKit/537.36 (KHTML, like Gecko) Chrome/142.0.0.0 Safari/537.36',NULL,NULL,'2025-11-04 16:40:02'),(13,'Administrador','CIERRE_CAJA','CAJA','Cierre de caja #2 - Diferencia: ₲ 0','::1','Mozilla/5.0 (Windows NT 10.0; Win64; x64) AppleWebKit/537.36 (KHTML, like Gecko) Chrome/142.0.0.0 Safari/537.36','{\"saldo_inicial\":0,\"estado_anterior\":\"ABIERTA\"}','{\"id_cierre\":2,\"saldo_sistema\":0,\"saldo_fisico\":0,\"diferencia\":0,\"total_ingresos\":0,\"total_egresos\":0,\"estado_nuevo\":\"CERRADA\"}','2025-11-04 16:40:13'),(14,'Administrador','ACCESO','DASHBOARD','Acceso al panel principal','::1','Mozilla/5.0 (Windows NT 10.0; Win64; x64) AppleWebKit/537.36 (KHTML, like Gecko) Chrome/142.0.0.0 Safari/537.36',NULL,NULL,'2025-11-04 16:40:19'),(15,'Administrador','LOGIN','SISTEMA','Inicio de sesión exitoso','::1',NULL,NULL,NULL,'2025-11-04 21:15:22'),(16,'Administrador','ACCESO','DASHBOARD','Acceso al panel principal','::1','Mozilla/5.0 (Windows NT 10.0; Win64; x64) AppleWebKit/537.36 (KHTML, like Gecko) Chrome/142.0.0.0 Safari/537.36',NULL,NULL,'2025-11-04 21:15:23'),(17,'Administrador','LOGIN','SISTEMA','Inicio de sesión exitoso','::1',NULL,NULL,NULL,'2025-11-05 00:59:10'),(18,'Administrador','ACCESO','DASHBOARD','Acceso al panel principal','::1','Mozilla/5.0 (Windows NT 10.0; Win64; x64) AppleWebKit/537.36 (KHTML, like Gecko) Chrome/142.0.0.0 Safari/537.36',NULL,NULL,'2025-11-05 00:59:10'),(19,'Administrador','LOGOUT','SISTEMA','Cierre de sesión','::1',NULL,NULL,NULL,'2025-11-05 00:59:58'),(20,'Administrador','LOGIN','SISTEMA','Inicio de sesión exitoso','::1',NULL,NULL,NULL,'2025-11-05 01:00:04'),(21,'Administrador','ACCESO','DASHBOARD','Acceso al panel principal','::1','Mozilla/5.0 (Windows NT 10.0; Win64; x64) AppleWebKit/537.36 (KHTML, like Gecko) Chrome/142.0.0.0 Safari/537.36',NULL,NULL,'2025-11-05 01:00:04'),(22,'Administrador','ACCESO','CAJA','Acceso a apertura de caja','::1','Mozilla/5.0 (Windows NT 10.0; Win64; x64) AppleWebKit/537.36 (KHTML, like Gecko) Chrome/142.0.0.0 Safari/537.36',NULL,NULL,'2025-11-05 01:01:21'),(23,'Administrador','APERTURA_CAJA','CAJA','Apertura de caja #3 - Saldo inicial: ₲ 500.000','::1','Mozilla/5.0 (Windows NT 10.0; Win64; x64) AppleWebKit/537.36 (KHTML, like Gecko) Chrome/142.0.0.0 Safari/537.36',NULL,'{\"id_cierre\":\"3\",\"saldo_inicial\":500000,\"fecha_apertura\":\"2025-11-04 19:01:00\",\"observaciones\":null}','2025-11-05 01:01:27'),(24,'Administrador','ACCESO','DASHBOARD','Acceso al panel principal','::1','Mozilla/5.0 (Windows NT 10.0; Win64; x64) AppleWebKit/537.36 (KHTML, like Gecko) Chrome/142.0.0.0 Safari/537.36',NULL,NULL,'2025-11-05 01:01:28'),(25,'Administrador','ACCESO','DASHBOARD','Acceso al panel principal','::1','Mozilla/5.0 (Windows NT 10.0; Win64; x64) AppleWebKit/537.36 (KHTML, like Gecko) Chrome/142.0.0.0 Safari/537.36',NULL,NULL,'2025-11-05 01:01:56'),(26,'Administrador','ACCESO','CAJA','Acceso a cierre de caja','::1','Mozilla/5.0 (Windows NT 10.0; Win64; x64) AppleWebKit/537.36 (KHTML, like Gecko) Chrome/142.0.0.0 Safari/537.36',NULL,NULL,'2025-11-05 01:02:23'),(27,'Administrador','CIERRE_CAJA','CAJA','Cierre de caja #3 - Diferencia: ₲ 0','::1','Mozilla/5.0 (Windows NT 10.0; Win64; x64) AppleWebKit/537.36 (KHTML, like Gecko) Chrome/142.0.0.0 Safari/537.36','{\"saldo_inicial\":500000,\"estado_anterior\":\"ABIERTA\"}','{\"id_cierre\":3,\"saldo_sistema\":320000,\"saldo_fisico\":320000,\"diferencia\":0,\"total_ingresos\":0,\"total_egresos\":180000,\"estado_nuevo\":\"CERRADA\"}','2025-11-05 01:02:38'),(28,'Administrador','ACCESO','DASHBOARD','Acceso al panel principal','::1','Mozilla/5.0 (Windows NT 10.0; Win64; x64) AppleWebKit/537.36 (KHTML, like Gecko) Chrome/142.0.0.0 Safari/537.36',NULL,NULL,'2025-11-05 01:02:40'),(29,'Administrador','ACCESO','CAJA','Acceso a apertura de caja','::1','Mozilla/5.0 (Windows NT 10.0; Win64; x64) AppleWebKit/537.36 (KHTML, like Gecko) Chrome/142.0.0.0 Safari/537.36',NULL,NULL,'2025-11-05 01:02:40'),(30,'Administrador','APERTURA_CAJA','CAJA','Apertura de caja #4 - Saldo inicial: ₲ 100.000','::1','Mozilla/5.0 (Windows NT 10.0; Win64; x64) AppleWebKit/537.36 (KHTML, like Gecko) Chrome/142.0.0.0 Safari/537.36',NULL,'{\"id_cierre\":\"4\",\"saldo_inicial\":100000,\"fecha_apertura\":\"2025-11-04 19:02:00\",\"observaciones\":null}','2025-11-05 01:02:47'),(31,'Administrador','ACCESO','DASHBOARD','Acceso al panel principal','::1','Mozilla/5.0 (Windows NT 10.0; Win64; x64) AppleWebKit/537.36 (KHTML, like Gecko) Chrome/142.0.0.0 Safari/537.36',NULL,NULL,'2025-11-05 01:02:48'),(32,'Administrador','ACCESO','CAJA','Acceso a cierre de caja','::1','Mozilla/5.0 (Windows NT 10.0; Win64; x64) AppleWebKit/537.36 (KHTML, like Gecko) Chrome/142.0.0.0 Safari/537.36',NULL,NULL,'2025-11-05 01:03:04'),(33,'Administrador','CIERRE_CAJA','CAJA','Cierre de caja #4 - Diferencia: ₲ 180.000','::1','Mozilla/5.0 (Windows NT 10.0; Win64; x64) AppleWebKit/537.36 (KHTML, like Gecko) Chrome/142.0.0.0 Safari/537.36','{\"saldo_inicial\":100000,\"estado_anterior\":\"ABIERTA\"}','{\"id_cierre\":4,\"saldo_sistema\":-80000,\"saldo_fisico\":100000,\"diferencia\":180000,\"total_ingresos\":0,\"total_egresos\":180000,\"estado_nuevo\":\"CERRADA\"}','2025-11-05 01:03:29'),(34,'Administrador','ACCESO','DASHBOARD','Acceso al panel principal','::1','Mozilla/5.0 (Windows NT 10.0; Win64; x64) AppleWebKit/537.36 (KHTML, like Gecko) Chrome/142.0.0.0 Safari/537.36',NULL,NULL,'2025-11-05 01:03:31'),(35,'Administrador','ACCESO','CAJA','Acceso a apertura de caja','::1','Mozilla/5.0 (Windows NT 10.0; Win64; x64) AppleWebKit/537.36 (KHTML, like Gecko) Chrome/142.0.0.0 Safari/537.36',NULL,NULL,'2025-11-05 01:05:35'),(36,'Administrador','APERTURA_CAJA','CAJA','Apertura de caja #5 - Saldo inicial: ₲ 0','::1','Mozilla/5.0 (Windows NT 10.0; Win64; x64) AppleWebKit/537.36 (KHTML, like Gecko) Chrome/142.0.0.0 Safari/537.36',NULL,'{\"id_cierre\":\"5\",\"saldo_inicial\":0,\"fecha_apertura\":\"2025-11-04 19:05:00\",\"observaciones\":null}','2025-11-05 01:05:41'),(37,'Administrador','ACCESO','DASHBOARD','Acceso al panel principal','::1','Mozilla/5.0 (Windows NT 10.0; Win64; x64) AppleWebKit/537.36 (KHTML, like Gecko) Chrome/142.0.0.0 Safari/537.36',NULL,NULL,'2025-11-05 01:05:42'),(38,'Administrador','ACCESO','CAJA','Acceso a cierre de caja','::1','Mozilla/5.0 (Windows NT 10.0; Win64; x64) AppleWebKit/537.36 (KHTML, like Gecko) Chrome/142.0.0.0 Safari/537.36',NULL,NULL,'2025-11-05 01:05:50'),(39,'Administrador','CIERRE_CAJA','CAJA','Cierre de caja #5 - Diferencia: ₲ 180.000','::1','Mozilla/5.0 (Windows NT 10.0; Win64; x64) AppleWebKit/537.36 (KHTML, like Gecko) Chrome/142.0.0.0 Safari/537.36','{\"saldo_inicial\":0,\"estado_anterior\":\"ABIERTA\"}','{\"id_cierre\":5,\"saldo_sistema\":-180000,\"saldo_fisico\":0,\"diferencia\":180000,\"total_ingresos\":0,\"total_egresos\":180000,\"estado_nuevo\":\"CERRADA\"}','2025-11-05 01:05:57'),(40,'Administrador','ACCESO','DASHBOARD','Acceso al panel principal','::1','Mozilla/5.0 (Windows NT 10.0; Win64; x64) AppleWebKit/537.36 (KHTML, like Gecko) Chrome/142.0.0.0 Safari/537.36',NULL,NULL,'2025-11-05 01:06:01'),(41,'Administrador','ACCESO','DASHBOARD','Acceso al panel principal','::1','Mozilla/5.0 (Windows NT 10.0; Win64; x64) AppleWebKit/537.36 (KHTML, like Gecko) Chrome/142.0.0.0 Safari/537.36',NULL,NULL,'2025-11-05 01:06:38'),(42,'Administrador','ACCESO','DASHBOARD','Acceso al panel principal','::1','Mozilla/5.0 (Windows NT 10.0; Win64; x64) AppleWebKit/537.36 (KHTML, like Gecko) Chrome/142.0.0.0 Safari/537.36',NULL,NULL,'2025-11-05 01:06:39'),(43,'Administrador','ACCESO','DASHBOARD','Acceso al panel principal','::1','Mozilla/5.0 (Windows NT 10.0; Win64; x64) AppleWebKit/537.36 (KHTML, like Gecko) Chrome/142.0.0.0 Safari/537.36',NULL,NULL,'2025-11-05 01:06:39'),(44,'Administrador','ACCESO','DASHBOARD','Acceso al panel principal','::1','Mozilla/5.0 (Windows NT 10.0; Win64; x64) AppleWebKit/537.36 (KHTML, like Gecko) Chrome/142.0.0.0 Safari/537.36',NULL,NULL,'2025-11-05 01:06:41'),(45,'Administrador','ACCESO','DASHBOARD','Acceso al panel principal','::1','Mozilla/5.0 (Windows NT 10.0; Win64; x64) AppleWebKit/537.36 (KHTML, like Gecko) Chrome/142.0.0.0 Safari/537.36',NULL,NULL,'2025-11-05 01:07:03'),(46,'Administrador','ACCESO','DASHBOARD','Acceso al panel principal','::1','Mozilla/5.0 (Windows NT 10.0; Win64; x64) AppleWebKit/537.36 (KHTML, like Gecko) Chrome/142.0.0.0 Safari/537.36',NULL,NULL,'2025-11-05 01:11:01'),(47,'Administrador','ACCESO','USUARIOS','Acceso al formulario de creación de usuario','::1','Mozilla/5.0 (Windows NT 10.0; Win64; x64) AppleWebKit/537.36 (KHTML, like Gecko) Chrome/142.0.0.0 Safari/537.36',NULL,NULL,'2025-11-05 01:11:05'),(48,'Administrador','CREAR','USUARIOS','Usuario creado: KEVIN CABALLERO (Login: kevin, Rol: ADMINISTRADOR)','::1','Mozilla/5.0 (Windows NT 10.0; Win64; x64) AppleWebKit/537.36 (KHTML, like Gecko) Chrome/142.0.0.0 Safari/537.36',NULL,'{\"id\":\"2\",\"nombre\":\"KEVIN CABALLERO\",\"usuario\":\"kevin\",\"rol\":\"ADMINISTRADOR\",\"estado\":1}','2025-11-05 01:14:18'),(49,'Administrador','CREAR','USUARIOS','Usuario creado: KEVIN CABALLERO 2 (Login: kevin2, Rol: ADMINISTRADOR)','::1','Mozilla/5.0 (Windows NT 10.0; Win64; x64) AppleWebKit/537.36 (KHTML, like Gecko) Chrome/142.0.0.0 Safari/537.36',NULL,'{\"id\":\"3\",\"nombre\":\"KEVIN CABALLERO 2\",\"usuario\":\"kevin2\",\"rol\":\"ADMINISTRADOR\",\"estado\":1}','2025-11-05 01:14:35'),(50,'Administrador','CREAR','USUARIOS','Usuario creado: KEVIN CABALLERO 3 (Login: kevin3, Rol: ADMINISTRADOR)','::1','Mozilla/5.0 (Windows NT 10.0; Win64; x64) AppleWebKit/537.36 (KHTML, like Gecko) Chrome/142.0.0.0 Safari/537.36',NULL,'{\"id\":\"4\",\"nombre\":\"KEVIN CABALLERO 3\",\"usuario\":\"kevin3\",\"rol\":\"ADMINISTRADOR\",\"estado\":1}','2025-11-05 01:14:47'),(51,'Administrador','ACCESO','DASHBOARD','Acceso al panel principal','::1','Mozilla/5.0 (Windows NT 10.0; Win64; x64) AppleWebKit/537.36 (KHTML, like Gecko) Chrome/142.0.0.0 Safari/537.36',NULL,NULL,'2025-11-05 01:14:50'),(52,'Administrador','ACCESO','USUARIOS','Acceso al formulario de creación de usuario','::1','Mozilla/5.0 (Windows NT 10.0; Win64; x64) AppleWebKit/537.36 (KHTML, like Gecko) Chrome/142.0.0.0 Safari/537.36',NULL,NULL,'2025-11-05 01:15:00'),(53,'Administrador','CREAR','USUARIOS','Usuario creado: KEVIN CABALLERO 4 (Login: admin2, Rol: VENDEDOR)','::1','Mozilla/5.0 (Windows NT 10.0; Win64; x64) AppleWebKit/537.36 (KHTML, like Gecko) Chrome/142.0.0.0 Safari/537.36',NULL,'{\"id\":\"5\",\"nombre\":\"KEVIN CABALLERO 4\",\"usuario\":\"admin2\",\"rol\":\"VENDEDOR\",\"estado\":1}','2025-11-05 01:15:29'),(54,'Administrador','ACCESO','USUARIOS','Acceso al listado de usuarios','::1','Mozilla/5.0 (Windows NT 10.0; Win64; x64) AppleWebKit/537.36 (KHTML, like Gecko) Chrome/142.0.0.0 Safari/537.36',NULL,NULL,'2025-11-05 01:15:32'),(55,'Administrador','LOGOUT','SISTEMA','Cierre de sesión','::1',NULL,NULL,NULL,'2025-11-05 01:15:43'),(56,'KEVIN CABALLERO','LOGIN','SISTEMA','Inicio de sesión exitoso','::1',NULL,NULL,NULL,'2025-11-05 01:15:49'),(57,'KEVIN CABALLERO','ACCESO','DASHBOARD','Acceso al panel principal','::1','Mozilla/5.0 (Windows NT 10.0; Win64; x64) AppleWebKit/537.36 (KHTML, like Gecko) Chrome/142.0.0.0 Safari/537.36',NULL,NULL,'2025-11-05 01:15:49'),(58,'KEVIN CABALLERO','LOGOUT','SISTEMA','Cierre de sesión','::1',NULL,NULL,NULL,'2025-11-05 01:15:58'),(59,'KEVIN CABALLERO','LOGIN','SISTEMA','Inicio de sesión exitoso','::1',NULL,NULL,NULL,'2025-11-05 01:16:35'),(60,'KEVIN CABALLERO','ACCESO','DASHBOARD','Acceso al panel principal','::1','Mozilla/5.0 (Windows NT 10.0; Win64; x64) AppleWebKit/537.36 (KHTML, like Gecko) Chrome/142.0.0.0 Safari/537.36',NULL,NULL,'2025-11-05 01:16:35'),(61,'KEVIN CABALLERO','ACCESO','CAJA','Acceso a apertura de caja','::1','Mozilla/5.0 (Windows NT 10.0; Win64; x64) AppleWebKit/537.36 (KHTML, like Gecko) Chrome/142.0.0.0 Safari/537.36',NULL,NULL,'2025-11-05 01:16:39'),(62,'KEVIN CABALLERO','LOGOUT','SISTEMA','Cierre de sesión','::1',NULL,NULL,NULL,'2025-11-05 01:16:52'),(63,'KEVIN CABALLERO','LOGIN','SISTEMA','Inicio de sesión exitoso','::1',NULL,NULL,NULL,'2025-11-05 01:17:35'),(64,'KEVIN CABALLERO','ACCESO','DASHBOARD','Acceso al panel principal','::1','Mozilla/5.0 (Windows NT 10.0; Win64; x64) AppleWebKit/537.36 (KHTML, like Gecko) Chrome/142.0.0.0 Safari/537.36',NULL,NULL,'2025-11-05 01:17:35'),(65,'KEVIN CABALLERO','ACCESO','USUARIOS','Acceso al listado de usuarios','::1','Mozilla/5.0 (Windows NT 10.0; Win64; x64) AppleWebKit/537.36 (KHTML, like Gecko) Chrome/142.0.0.0 Safari/537.36',NULL,NULL,'2025-11-05 01:17:40'),(66,'KEVIN CABALLERO','LOGOUT','SISTEMA','Cierre de sesión','::1',NULL,NULL,NULL,'2025-11-05 01:19:14'),(67,'KEVIN CABALLERO','LOGIN','SISTEMA','Inicio de sesión exitoso','::1',NULL,NULL,NULL,'2025-11-05 01:19:34'),(68,'KEVIN CABALLERO','ACCESO','DASHBOARD','Acceso al panel principal','::1','Mozilla/5.0 (Windows NT 10.0; Win64; x64) AppleWebKit/537.36 (KHTML, like Gecko) Chrome/142.0.0.0 Safari/537.36',NULL,NULL,'2025-11-05 01:19:34'),(69,'KEVIN CABALLERO','ACCESO','USUARIOS','Acceso al formulario de creación de usuario','::1','Mozilla/5.0 (Windows NT 10.0; Win64; x64) AppleWebKit/537.36 (KHTML, like Gecko) Chrome/142.0.0.0 Safari/537.36',NULL,NULL,'2025-11-05 01:19:37'),(70,'KEVIN CABALLERO','CREAR','USUARIOS','Usuario creado: VENDEDOR (Login: vendedor, Rol: VENDEDOR)','::1','Mozilla/5.0 (Windows NT 10.0; Win64; x64) AppleWebKit/537.36 (KHTML, like Gecko) Chrome/142.0.0.0 Safari/537.36',NULL,'{\"id\":\"6\",\"nombre\":\"VENDEDOR\",\"usuario\":\"vendedor\",\"rol\":\"VENDEDOR\",\"estado\":1}','2025-11-05 01:19:52'),(71,'KEVIN CABALLERO','LOGOUT','SISTEMA','Cierre de sesión','::1',NULL,NULL,NULL,'2025-11-05 01:19:55'),(72,'VENDEDOR','LOGIN','SISTEMA','Inicio de sesión exitoso','::1',NULL,NULL,NULL,'2025-11-05 01:20:03'),(73,'VENDEDOR','ACCESO','DASHBOARD','Acceso al panel principal','::1','Mozilla/5.0 (Windows NT 10.0; Win64; x64) AppleWebKit/537.36 (KHTML, like Gecko) Chrome/142.0.0.0 Safari/537.36',NULL,NULL,'2025-11-05 01:20:03'),(74,'VENDEDOR','LOGOUT','SISTEMA','Cierre de sesión','::1',NULL,NULL,NULL,'2025-11-05 01:20:15'),(75,'KEVIN CABALLERO','LOGIN','SISTEMA','Inicio de sesión exitoso','::1',NULL,NULL,NULL,'2025-11-05 01:32:24'),(76,'KEVIN CABALLERO','ACCESO','DASHBOARD','Acceso al panel principal','::1','Mozilla/5.0 (Windows NT 10.0; Win64; x64) AppleWebKit/537.36 (KHTML, like Gecko) Chrome/142.0.0.0 Safari/537.36',NULL,NULL,'2025-11-05 01:32:24'),(77,'KEVIN CABALLERO','LOGOUT','SISTEMA','Cierre de sesión','::1',NULL,NULL,NULL,'2025-11-05 01:32:32'),(78,'KEVIN CABALLERO','LOGIN','SISTEMA','Inicio de sesión exitoso','::1',NULL,NULL,NULL,'2025-11-05 16:06:24'),(79,'KEVIN CABALLERO','ACCESO','DASHBOARD','Acceso al panel principal','::1','Mozilla/5.0 (Windows NT 10.0; Win64; x64) AppleWebKit/537.36 (KHTML, like Gecko) Chrome/142.0.0.0 Safari/537.36',NULL,NULL,'2025-11-05 16:06:24'),(80,'KEVIN CABALLERO','ACCESO','USUARIOS','Acceso al listado de usuarios','::1','Mozilla/5.0 (Windows NT 10.0; Win64; x64) AppleWebKit/537.36 (KHTML, like Gecko) Chrome/142.0.0.0 Safari/537.36',NULL,NULL,'2025-11-05 16:06:37'),(81,'KEVIN CABALLERO','ACCESO','USUARIOS','Acceso a edición de usuario: KEVIN CABALLERO 4','::1','Mozilla/5.0 (Windows NT 10.0; Win64; x64) AppleWebKit/537.36 (KHTML, like Gecko) Chrome/142.0.0.0 Safari/537.36',NULL,NULL,'2025-11-05 16:06:54'),(82,'KEVIN CABALLERO','ACCESO','USUARIOS','Acceso al listado de usuarios','::1','Mozilla/5.0 (Windows NT 10.0; Win64; x64) AppleWebKit/537.36 (KHTML, like Gecko) Chrome/142.0.0.0 Safari/537.36',NULL,NULL,'2025-11-05 16:07:07'),(83,'KEVIN CABALLERO','ACCESO','USUARIOS','Acceso a edición de usuario: KEVIN CABALLERO 4','::1','Mozilla/5.0 (Windows NT 10.0; Win64; x64) AppleWebKit/537.36 (KHTML, like Gecko) Chrome/142.0.0.0 Safari/537.36',NULL,NULL,'2025-11-05 16:07:12'),(84,'KEVIN CABALLERO','ACCESO','USUARIOS','Acceso a edición de usuario: KEVIN CABALLERO 3','::1','Mozilla/5.0 (Windows NT 10.0; Win64; x64) AppleWebKit/537.36 (KHTML, like Gecko) Chrome/142.0.0.0 Safari/537.36',NULL,NULL,'2025-11-05 16:07:15'),(85,'KEVIN CABALLERO','ACCESO','USUARIOS','Acceso al listado de usuarios','::1','Mozilla/5.0 (Windows NT 10.0; Win64; x64) AppleWebKit/537.36 (KHTML, like Gecko) Chrome/142.0.0.0 Safari/537.36',NULL,NULL,'2025-11-05 16:07:53'),(86,'KEVIN CABALLERO','ACCESO','USUARIOS','Acceso a edición de usuario: KEVIN CABALLERO 2','::1','Mozilla/5.0 (Windows NT 10.0; Win64; x64) AppleWebKit/537.36 (KHTML, like Gecko) Chrome/142.0.0.0 Safari/537.36',NULL,NULL,'2025-11-05 16:07:59'),(87,'KEVIN CABALLERO','EDITAR','USUARIOS','Usuario editado: KEVIN CABALLERO 2 (ID: 3) - Cambios: Usuario: \'kevin2\' → \'kevinsec\', Contraseña actualizada','::1','Mozilla/5.0 (Windows NT 10.0; Win64; x64) AppleWebKit/537.36 (KHTML, like Gecko) Chrome/142.0.0.0 Safari/537.36','{\"nombre\":\"KEVIN CABALLERO 2\",\"usuario\":\"kevin2\",\"rol\":\"ADMINISTRADOR\",\"estado\":1}','{\"nombre\":\"KEVIN CABALLERO 2\",\"usuario\":\"kevinsec\",\"rol\":\"ADMINISTRADOR\",\"estado\":1,\"password_cambiado\":true}','2025-11-05 16:08:17'),(88,'KEVIN CABALLERO','ACCESO','USUARIOS','Acceso al listado de usuarios','::1','Mozilla/5.0 (Windows NT 10.0; Win64; x64) AppleWebKit/537.36 (KHTML, like Gecko) Chrome/142.0.0.0 Safari/537.36',NULL,NULL,'2025-11-05 16:08:19'),(89,'KEVIN CABALLERO','LOGOUT','SISTEMA','Cierre de sesión','::1',NULL,NULL,NULL,'2025-11-05 16:08:25'),(90,'KEVIN CABALLERO 2','LOGIN','SISTEMA','Inicio de sesión exitoso','::1',NULL,NULL,NULL,'2025-11-05 16:08:33'),(91,'KEVIN CABALLERO 2','ACCESO','DASHBOARD','Acceso al panel principal','::1','Mozilla/5.0 (Windows NT 10.0; Win64; x64) AppleWebKit/537.36 (KHTML, like Gecko) Chrome/142.0.0.0 Safari/537.36',NULL,NULL,'2025-11-05 16:08:33'),(92,'KEVIN CABALLERO 2','LOGOUT','SISTEMA','Cierre de sesión','::1',NULL,NULL,NULL,'2025-11-05 16:08:38'),(93,'Administrador','LOGIN','SISTEMA','Inicio de sesión exitoso','::1',NULL,NULL,NULL,'2025-11-05 16:18:50'),(94,'Administrador','ACCESO','DASHBOARD','Acceso al panel principal','::1','Mozilla/5.0 (Windows NT 10.0; Win64; x64) AppleWebKit/537.36 (KHTML, like Gecko) Chrome/142.0.0.0 Safari/537.36',NULL,NULL,'2025-11-05 16:18:50'),(95,'Administrador','ACCESO','AUDITORIA','Acceso al log de actividades','::1','Mozilla/5.0 (Windows NT 10.0; Win64; x64) AppleWebKit/537.36 (KHTML, like Gecko) Chrome/142.0.0.0 Safari/537.36',NULL,NULL,'2025-11-05 16:19:49'),(96,'Administrador','ACCESO','AUDITORIA','Acceso al log de actividades','::1','Mozilla/5.0 (Windows NT 10.0; Win64; x64) AppleWebKit/537.36 (KHTML, like Gecko) Chrome/142.0.0.0 Safari/537.36',NULL,NULL,'2025-11-05 16:23:52'),(97,'Administrador','ACCESO','AUDITORIA','Acceso al log de actividades','::1','Mozilla/5.0 (Windows NT 10.0; Win64; x64) AppleWebKit/537.36 (KHTML, like Gecko) Chrome/142.0.0.0 Safari/537.36',NULL,NULL,'2025-11-05 16:24:52'),(98,'Administrador','ACCESO','AUDITORIA','Acceso al log de actividades','::1','Mozilla/5.0 (Windows NT 10.0; Win64; x64) AppleWebKit/537.36 (KHTML, like Gecko) Chrome/142.0.0.0 Safari/537.36',NULL,NULL,'2025-11-05 16:25:59'),(99,'Administrador','ACCESO','AUDITORIA','Acceso al log de actividades','::1','Mozilla/5.0 (Windows NT 10.0; Win64; x64) AppleWebKit/537.36 (KHTML, like Gecko) Chrome/142.0.0.0 Safari/537.36',NULL,NULL,'2025-11-05 16:26:00'),(100,'Administrador','ACCESO','AUDITORIA','Acceso al log de actividades','::1','Mozilla/5.0 (Windows NT 10.0; Win64; x64) AppleWebKit/537.36 (KHTML, like Gecko) Chrome/142.0.0.0 Safari/537.36',NULL,NULL,'2025-11-05 16:26:32'),(101,'Administrador','ACCESO','DASHBOARD','Acceso al panel principal','::1','Mozilla/5.0 (Windows NT 10.0; Win64; x64) AppleWebKit/537.36 (KHTML, like Gecko) Chrome/142.0.0.0 Safari/537.36',NULL,NULL,'2025-11-05 16:27:05'),(102,'Administrador','ACCESO','AUDITORIA','Acceso al log de actividades','::1','Mozilla/5.0 (Windows NT 10.0; Win64; x64) AppleWebKit/537.36 (KHTML, like Gecko) Chrome/142.0.0.0 Safari/537.36',NULL,NULL,'2025-11-05 16:27:09'),(103,'Administrador','ACCESO','AUDITORIA','Acceso al log de actividades','::1','Mozilla/5.0 (Windows NT 10.0; Win64; x64) AppleWebKit/537.36 (KHTML, like Gecko) Chrome/142.0.0.0 Safari/537.36',NULL,NULL,'2025-11-05 16:27:27'),(104,'Administrador','ACCESO','AUDITORIA','Acceso al log de actividades','::1','Mozilla/5.0 (Windows NT 10.0; Win64; x64) AppleWebKit/537.36 (KHTML, like Gecko) Chrome/142.0.0.0 Safari/537.36',NULL,NULL,'2025-11-05 16:29:39'),(105,'Administrador','ACCESO','AUDITORIA','Acceso al log de actividades','::1','Mozilla/5.0 (Windows NT 10.0; Win64; x64) AppleWebKit/537.36 (KHTML, like Gecko) Chrome/142.0.0.0 Safari/537.36',NULL,NULL,'2025-11-05 16:29:50'),(106,'Administrador','ACCESO','AUDITORIA','Acceso al log de actividades','::1','Mozilla/5.0 (Windows NT 10.0; Win64; x64) AppleWebKit/537.36 (KHTML, like Gecko) Chrome/142.0.0.0 Safari/537.36',NULL,NULL,'2025-11-05 16:30:16'),(107,'Administrador','ACCESO','AUDITORIA','Acceso al log de actividades','::1','Mozilla/5.0 (Windows NT 10.0; Win64; x64) AppleWebKit/537.36 (KHTML, like Gecko) Chrome/142.0.0.0 Safari/537.36',NULL,NULL,'2025-11-05 16:30:20'),(108,'Administrador','ACCESO','AUDITORIA','Acceso al log de actividades','::1','Mozilla/5.0 (Windows NT 10.0; Win64; x64) AppleWebKit/537.36 (KHTML, like Gecko) Chrome/142.0.0.0 Safari/537.36',NULL,NULL,'2025-11-05 16:30:48'),(109,'KEVIN CABALLERO','LOGIN','SISTEMA','Inicio de sesión exitoso','::1',NULL,NULL,NULL,'2025-11-05 19:47:01'),(110,'KEVIN CABALLERO','ACCESO','DASHBOARD','Acceso al panel principal','::1','Mozilla/5.0 (Windows NT 10.0; Win64; x64) AppleWebKit/537.36 (KHTML, like Gecko) Chrome/142.0.0.0 Safari/537.36',NULL,NULL,'2025-11-05 19:47:01'),(111,'KEVIN CABALLERO','ACCESO','CAJA','Acceso a apertura de caja','::1','Mozilla/5.0 (Windows NT 10.0; Win64; x64) AppleWebKit/537.36 (KHTML, like Gecko) Chrome/142.0.0.0 Safari/537.36',NULL,NULL,'2025-11-05 19:47:05'),(112,'KEVIN CABALLERO','APERTURA_CAJA','CAJA','Apertura de caja #6 - Saldo inicial: ₲ 100.000','::1','Mozilla/5.0 (Windows NT 10.0; Win64; x64) AppleWebKit/537.36 (KHTML, like Gecko) Chrome/142.0.0.0 Safari/537.36',NULL,'{\"id_cierre\":\"6\",\"saldo_inicial\":100000,\"fecha_apertura\":\"2025-11-05 13:47:00\",\"observaciones\":null}','2025-11-05 19:47:12'),(113,'KEVIN CABALLERO','ACCESO','DASHBOARD','Acceso al panel principal','::1','Mozilla/5.0 (Windows NT 10.0; Win64; x64) AppleWebKit/537.36 (KHTML, like Gecko) Chrome/142.0.0.0 Safari/537.36',NULL,NULL,'2025-11-05 19:47:23'),(114,'KEVIN CABALLERO','ACCESO','DASHBOARD','Acceso al panel principal','::1','Mozilla/5.0 (Windows NT 10.0; Win64; x64) AppleWebKit/537.36 (KHTML, like Gecko) Chrome/142.0.0.0 Safari/537.36',NULL,NULL,'2025-11-05 19:57:23'),(115,'KEVIN CABALLERO','ACCESO','CAJA','Acceso a cierre de caja','::1','Mozilla/5.0 (Windows NT 10.0; Win64; x64) AppleWebKit/537.36 (KHTML, like Gecko) Chrome/142.0.0.0 Safari/537.36',NULL,NULL,'2025-11-05 19:58:24'),(116,'KEVIN CABALLERO','CIERRE_CAJA','CAJA','Cierre de caja #6 - Diferencia: ₲ 0','::1','Mozilla/5.0 (Windows NT 10.0; Win64; x64) AppleWebKit/537.36 (KHTML, like Gecko) Chrome/142.0.0.0 Safari/537.36','{\"saldo_inicial\":100000,\"estado_anterior\":\"ABIERTA\"}','{\"id_cierre\":6,\"saldo_sistema\":100000,\"saldo_fisico\":100000,\"diferencia\":0,\"total_ingresos\":0,\"total_egresos\":0,\"estado_nuevo\":\"CERRADA\"}','2025-11-05 19:58:40'),(117,'KEVIN CABALLERO','ACCESO','DASHBOARD','Acceso al panel principal','::1','Mozilla/5.0 (Windows NT 10.0; Win64; x64) AppleWebKit/537.36 (KHTML, like Gecko) Chrome/142.0.0.0 Safari/537.36',NULL,NULL,'2025-11-05 19:58:42'),(118,'KEVIN CABALLERO','ACCESO','DASHBOARD','Acceso al panel principal','::1','Mozilla/5.0 (Windows NT 10.0; Win64; x64) AppleWebKit/537.36 (KHTML, like Gecko) Chrome/142.0.0.0 Safari/537.36',NULL,NULL,'2025-11-05 20:13:57'),(119,'KEVIN CABALLERO','LOGOUT','SISTEMA','Cierre de sesión','::1',NULL,NULL,NULL,'2025-11-05 20:14:04'),(120,'KEVIN CABALLERO','LOGIN','SISTEMA','Inicio de sesión exitoso','::1',NULL,NULL,NULL,'2025-11-05 20:18:19'),(121,'KEVIN CABALLERO','ACCESO','DASHBOARD','Acceso al panel principal','::1','Mozilla/5.0 (Windows NT 10.0; Win64; x64) AppleWebKit/537.36 (KHTML, like Gecko) Chrome/142.0.0.0 Safari/537.36',NULL,NULL,'2025-11-05 20:18:19'),(122,'KEVIN CABALLERO','LOGOUT','SISTEMA','Cierre de sesión','::1',NULL,NULL,NULL,'2025-11-05 20:18:24'),(123,'KEVIN CABALLERO','LOGIN','SISTEMA','Inicio de sesión exitoso','::1',NULL,NULL,NULL,'2025-11-05 20:18:34'),(124,'KEVIN CABALLERO','ACCESO','DASHBOARD','Acceso al panel principal','::1','Mozilla/5.0 (Windows NT 10.0; Win64; x64) AppleWebKit/537.36 (KHTML, like Gecko) Chrome/142.0.0.0 Safari/537.36',NULL,NULL,'2025-11-05 20:18:34'),(125,'KEVIN CABALLERO','ACCESO','CAJA','Acceso a apertura de caja','::1','Mozilla/5.0 (Windows NT 10.0; Win64; x64) AppleWebKit/537.36 (KHTML, like Gecko) Chrome/142.0.0.0 Safari/537.36',NULL,NULL,'2025-11-05 20:18:37'),(126,'KEVIN CABALLERO','APERTURA_CAJA','CAJA','Apertura de caja #7 - Saldo inicial: ₲ 0','::1','Mozilla/5.0 (Windows NT 10.0; Win64; x64) AppleWebKit/537.36 (KHTML, like Gecko) Chrome/142.0.0.0 Safari/537.36',NULL,'{\"id_cierre\":\"7\",\"saldo_inicial\":0,\"fecha_apertura\":\"2025-11-05 14:18:00\",\"observaciones\":null}','2025-11-05 20:18:44'),(127,'KEVIN CABALLERO','ACCESO','DASHBOARD','Acceso al panel principal','::1','Mozilla/5.0 (Windows NT 10.0; Win64; x64) AppleWebKit/537.36 (KHTML, like Gecko) Chrome/142.0.0.0 Safari/537.36',NULL,NULL,'2025-11-05 20:18:46'),(128,'KEVIN CABALLERO','ACCESO','CAJA','Acceso a cierre de caja','::1','Mozilla/5.0 (Windows NT 10.0; Win64; x64) AppleWebKit/537.36 (KHTML, like Gecko) Chrome/142.0.0.0 Safari/537.36',NULL,NULL,'2025-11-05 20:19:05'),(129,'KEVIN CABALLERO','CIERRE_CAJA','CAJA','Cierre de caja #7 - Diferencia: ₲ 0','::1','Mozilla/5.0 (Windows NT 10.0; Win64; x64) AppleWebKit/537.36 (KHTML, like Gecko) Chrome/142.0.0.0 Safari/537.36','{\"saldo_inicial\":0,\"estado_anterior\":\"ABIERTA\"}','{\"id_cierre\":7,\"saldo_sistema\":0,\"saldo_fisico\":0,\"diferencia\":0,\"total_ingresos\":0,\"total_egresos\":0,\"estado_nuevo\":\"CERRADA\"}','2025-11-05 20:19:13'),(130,'KEVIN CABALLERO','LOGOUT','SISTEMA','Cierre de sesión','::1',NULL,NULL,NULL,'2025-11-05 20:19:18'),(131,'KEVIN CABALLERO','LOGIN','SISTEMA','Inicio de sesión exitoso','::1',NULL,NULL,NULL,'2025-11-05 20:19:59'),(132,'KEVIN CABALLERO','ACCESO','DASHBOARD','Acceso al panel principal','::1','Mozilla/5.0 (Windows NT 10.0; Win64; x64) AppleWebKit/537.36 (KHTML, like Gecko) Chrome/142.0.0.0 Safari/537.36',NULL,NULL,'2025-11-05 20:19:59'),(133,'KEVIN CABALLERO','ACCESO','CAJA','Acceso a apertura de caja','::1','Mozilla/5.0 (Windows NT 10.0; Win64; x64) AppleWebKit/537.36 (KHTML, like Gecko) Chrome/142.0.0.0 Safari/537.36',NULL,NULL,'2025-11-05 20:20:02'),(134,'KEVIN CABALLERO','APERTURA_CAJA','CAJA','Apertura de caja #8 - Saldo inicial: ₲ 0','::1','Mozilla/5.0 (Windows NT 10.0; Win64; x64) AppleWebKit/537.36 (KHTML, like Gecko) Chrome/142.0.0.0 Safari/537.36',NULL,'{\"id_cierre\":\"8\",\"saldo_inicial\":0,\"fecha_apertura\":\"2025-11-05 14:20:00\",\"observaciones\":null}','2025-11-05 20:20:08'),(135,'KEVIN CABALLERO','ACCESO','DASHBOARD','Acceso al panel principal','::1','Mozilla/5.0 (Windows NT 10.0; Win64; x64) AppleWebKit/537.36 (KHTML, like Gecko) Chrome/142.0.0.0 Safari/537.36',NULL,NULL,'2025-11-05 20:20:10'),(136,'KEVIN CABALLERO','ACCESO','AUDITORIA','Acceso al log de actividades','::1','Mozilla/5.0 (Windows NT 10.0; Win64; x64) AppleWebKit/537.36 (KHTML, like Gecko) Chrome/142.0.0.0 Safari/537.36',NULL,NULL,'2025-11-05 20:21:51'),(137,'KEVIN CABALLERO','ACCESO','DASHBOARD','Acceso al panel principal','::1','Mozilla/5.0 (Windows NT 10.0; Win64; x64) AppleWebKit/537.36 (KHTML, like Gecko) Chrome/142.0.0.0 Safari/537.36',NULL,NULL,'2025-11-05 20:22:20'),(138,'KEVIN CABALLERO','ACCESO','AUDITORIA','Acceso al log de actividades','::1','Mozilla/5.0 (Windows NT 10.0; Win64; x64) AppleWebKit/537.36 (KHTML, like Gecko) Chrome/142.0.0.0 Safari/537.36',NULL,NULL,'2025-11-05 20:22:25'),(139,'KEVIN CABALLERO','ACCESO','USUARIOS','Acceso al formulario de creación de usuario','::1','Mozilla/5.0 (Windows NT 10.0; Win64; x64) AppleWebKit/537.36 (KHTML, like Gecko) Chrome/142.0.0.0 Safari/537.36',NULL,NULL,'2025-11-05 20:23:10'),(140,'KEVIN CABALLERO','ACCESO','USUARIOS','Acceso al listado de usuarios','::1','Mozilla/5.0 (Windows NT 10.0; Win64; x64) AppleWebKit/537.36 (KHTML, like Gecko) Chrome/142.0.0.0 Safari/537.36',NULL,NULL,'2025-11-05 20:23:15'),(141,'KEVIN CABALLERO','LOGIN','SISTEMA','Inicio de sesión exitoso','::1',NULL,NULL,NULL,'2025-11-07 21:21:59'),(142,'KEVIN CABALLERO','ACCESO','DASHBOARD','Acceso al panel principal','::1','Mozilla/5.0 (Windows NT 10.0; Win64; x64) AppleWebKit/537.36 (KHTML, like Gecko) Chrome/142.0.0.0 Safari/537.36',NULL,NULL,'2025-11-07 21:21:59'),(143,'KEVIN CABALLERO','ACCESO','DASHBOARD','Acceso al panel principal','::1','Mozilla/5.0 (Windows NT 10.0; Win64; x64) AppleWebKit/537.36 (KHTML, like Gecko) Chrome/142.0.0.0 Safari/537.36',NULL,NULL,'2025-11-07 21:22:26'),(144,'KEVIN CABALLERO','ACCESO','DASHBOARD','Acceso al panel principal','::1','Mozilla/5.0 (Windows NT 10.0; Win64; x64) AppleWebKit/537.36 (KHTML, like Gecko) Chrome/142.0.0.0 Safari/537.36',NULL,NULL,'2025-11-07 21:22:53'),(145,'KEVIN CABALLERO','ACCESO','DASHBOARD','Acceso al panel principal','::1','Mozilla/5.0 (Windows NT 10.0; Win64; x64) AppleWebKit/537.36 (KHTML, like Gecko) Chrome/142.0.0.0 Safari/537.36',NULL,NULL,'2025-11-07 21:24:37'),(146,'KEVIN CABALLERO','LOGOUT','SISTEMA','Cierre de sesión','::1',NULL,NULL,NULL,'2025-11-07 21:42:58'),(147,'KEVIN CABALLERO','LOGIN','SISTEMA','Inicio de sesión exitoso','::1',NULL,NULL,NULL,'2025-11-07 21:43:05'),(148,'KEVIN CABALLERO','ACCESO','DASHBOARD','Acceso al panel principal','::1','Mozilla/5.0 (Windows NT 10.0; Win64; x64) AppleWebKit/537.36 (KHTML, like Gecko) Chrome/142.0.0.0 Safari/537.36',NULL,NULL,'2025-11-07 21:43:05'),(149,'KEVIN CABALLERO','BACKUP','SISTEMA','Backup descargado: backup_automatico_2025-11-07_18-43-05.sql','::1','Mozilla/5.0 (Windows NT 10.0; Win64; x64) AppleWebKit/537.36 (KHTML, like Gecko) Chrome/142.0.0.0 Safari/537.36',NULL,NULL,'2025-11-07 21:43:31'),(150,'KEVIN CABALLERO','LOGIN','SISTEMA','Inicio de sesión exitoso','::1',NULL,NULL,NULL,'2025-11-09 01:52:08'),(151,'KEVIN CABALLERO','BACKUP','SISTEMA','Backup descargado: backup_automatico_2025-11-08_22-52-08.sql','::1','Mozilla/5.0 (Windows NT 10.0; Win64; x64) AppleWebKit/537.36 (KHTML, like Gecko) Chrome/142.0.0.0 Safari/537.36',NULL,NULL,'2025-11-09 01:52:12'),(152,'KEVIN CABALLERO','BACKUP','SISTEMA','Backup descargado: backup_automatico_2025-11-08_22-52-08.sql','::1','Mozilla/5.0 (Windows NT 10.0; Win64; x64) AppleWebKit/537.36 (KHTML, like Gecko) Chrome/142.0.0.0 Safari/537.36',NULL,NULL,'2025-11-09 01:53:36'),(153,'KEVIN CABALLERO','BACKUP','SISTEMA','Backup manual generado: backup_manual_2025-11-08_22-56-24.sql','::1','Mozilla/5.0 (Windows NT 10.0; Win64; x64) AppleWebKit/537.36 (KHTML, like Gecko) Chrome/142.0.0.0 Safari/537.36',NULL,'{\"archivo\":\"backup_manual_2025-11-08_22-56-24.sql\",\"tamano\":\"92.66 KB\"}','2025-11-09 01:56:25'),(154,'KEVIN CABALLERO','BACKUP','SISTEMA','Backup descargado: backup_manual_2025-11-08_22-56-24.sql','::1','Mozilla/5.0 (Windows NT 10.0; Win64; x64) AppleWebKit/537.36 (KHTML, like Gecko) Chrome/142.0.0.0 Safari/537.36',NULL,NULL,'2025-11-09 01:56:28'),(155,'KEVIN CABALLERO','BACKUP','SISTEMA','Backup manual generado: backup_manual_2025-11-08_22-58-12.sql','::1','Mozilla/5.0 (Windows NT 10.0; Win64; x64) AppleWebKit/537.36 (KHTML, like Gecko) Chrome/142.0.0.0 Safari/537.36',NULL,'{\"archivo\":\"backup_manual_2025-11-08_22-58-12.sql\",\"tamano\":\"93.24 KB\"}','2025-11-09 01:58:13'),(156,'KEVIN CABALLERO','BACKUP','SISTEMA','Backup manual generado: backup_manual_2025-11-08_22-58-13.sql','::1','Mozilla/5.0 (Windows NT 10.0; Win64; x64) AppleWebKit/537.36 (KHTML, like Gecko) Chrome/142.0.0.0 Safari/537.36',NULL,'{\"archivo\":\"backup_manual_2025-11-08_22-58-13.sql\",\"tamano\":\"93.56 KB\"}','2025-11-09 01:58:14'),(157,'KEVIN CABALLERO','BACKUP','SISTEMA','Backup manual generado: backup_manual_2025-11-08_22-58-14.sql','::1','Mozilla/5.0 (Windows NT 10.0; Win64; x64) AppleWebKit/537.36 (KHTML, like Gecko) Chrome/142.0.0.0 Safari/537.36',NULL,'{\"archivo\":\"backup_manual_2025-11-08_22-58-14.sql\",\"tamano\":\"93.89 KB\"}','2025-11-09 01:58:14'),(158,'KEVIN CABALLERO','BACKUP','SISTEMA','Backup manual generado: backup_manual_2025-11-08_22-58-15.sql','::1','Mozilla/5.0 (Windows NT 10.0; Win64; x64) AppleWebKit/537.36 (KHTML, like Gecko) Chrome/142.0.0.0 Safari/537.36',NULL,'{\"archivo\":\"backup_manual_2025-11-08_22-58-15.sql\",\"tamano\":\"94.22 KB\"}','2025-11-09 01:58:15'),(159,'KEVIN CABALLERO','LOGOUT','SISTEMA','Cierre de sesión','::1',NULL,NULL,NULL,'2025-11-09 01:58:28'),(160,'KEVIN CABALLERO','LOGIN','SISTEMA','Inicio de sesión exitoso','::1',NULL,NULL,NULL,'2025-11-09 01:58:35'),(161,'KEVIN CABALLERO','ACCESO','DASHBOARD','Acceso al panel principal','::1','Mozilla/5.0 (Windows NT 10.0; Win64; x64) AppleWebKit/537.36 (KHTML, like Gecko) Chrome/142.0.0.0 Safari/537.36',NULL,NULL,'2025-11-09 01:58:35'),(162,'KEVIN CABALLERO','ACCESO','DASHBOARD','Acceso al panel principal','::1','Mozilla/5.0 (Windows NT 10.0; Win64; x64) AppleWebKit/537.36 (KHTML, like Gecko) Chrome/142.0.0.0 Safari/537.36',NULL,NULL,'2025-11-09 02:00:22'),(163,'KEVIN CABALLERO','ACCESO','CAJA','Acceso a cierre de caja','::1','Mozilla/5.0 (Windows NT 10.0; Win64; x64) AppleWebKit/537.36 (KHTML, like Gecko) Chrome/142.0.0.0 Safari/537.36',NULL,NULL,'2025-11-09 02:00:28'),(164,'KEVIN CABALLERO','CIERRE_CAJA','CAJA','Cierre de caja #8 - Diferencia: ₲ 0','::1','Mozilla/5.0 (Windows NT 10.0; Win64; x64) AppleWebKit/537.36 (KHTML, like Gecko) Chrome/142.0.0.0 Safari/537.36','{\"saldo_inicial\":0,\"estado_anterior\":\"ABIERTA\"}','{\"id_cierre\":8,\"saldo_sistema\":0,\"saldo_fisico\":0,\"diferencia\":0,\"total_ingresos\":0,\"total_egresos\":0,\"estado_nuevo\":\"CERRADA\"}','2025-11-09 02:00:34'),(165,'KEVIN CABALLERO','ACCESO','DASHBOARD','Acceso al panel principal','::1','Mozilla/5.0 (Windows NT 10.0; Win64; x64) AppleWebKit/537.36 (KHTML, like Gecko) Chrome/142.0.0.0 Safari/537.36',NULL,NULL,'2025-11-09 02:00:36'),(166,'KEVIN CABALLERO','ACCESO','DASHBOARD','Acceso al panel principal','::1','Mozilla/5.0 (Windows NT 10.0; Win64; x64) AppleWebKit/537.36 (KHTML, like Gecko) Chrome/142.0.0.0 Safari/537.36',NULL,NULL,'2025-11-09 02:03:09'),(167,'KEVIN CABALLERO','LOGOUT','SISTEMA','Cierre de sesión','::1',NULL,NULL,NULL,'2025-11-09 02:03:15'),(168,'KEVIN CABALLERO','LOGIN','SISTEMA','Inicio de sesión exitoso','::1',NULL,NULL,NULL,'2025-11-09 02:03:21'),(169,'KEVIN CABALLERO','ACCESO','DASHBOARD','Acceso al panel principal','::1','Mozilla/5.0 (Windows NT 10.0; Win64; x64) AppleWebKit/537.36 (KHTML, like Gecko) Chrome/142.0.0.0 Safari/537.36',NULL,NULL,'2025-11-09 02:03:21'),(170,'KEVIN CABALLERO','ACCESO','DASHBOARD','Acceso al panel principal','::1','Mozilla/5.0 (Windows NT 10.0; Win64; x64) AppleWebKit/537.36 (KHTML, like Gecko) Chrome/142.0.0.0 Safari/537.36',NULL,NULL,'2025-11-09 02:04:43'),(171,'KEVIN CABALLERO','LOGOUT','SISTEMA','Cierre de sesión','::1',NULL,NULL,NULL,'2025-11-09 02:04:48'),(172,'KEVIN CABALLERO','LOGIN','SISTEMA','Inicio de sesión exitoso','::1',NULL,NULL,NULL,'2025-11-09 02:05:04'),(173,'KEVIN CABALLERO','ACCESO','DASHBOARD','Acceso al panel principal','::1','Mozilla/5.0 (Windows NT 10.0; Win64; x64) AppleWebKit/537.36 (KHTML, like Gecko) Chrome/142.0.0.0 Safari/537.36',NULL,NULL,'2025-11-09 02:05:04'),(174,'KEVIN CABALLERO','LOGOUT','SISTEMA','Cierre de sesión','::1',NULL,NULL,NULL,'2025-11-09 02:05:14'),(175,'KEVIN CABALLERO','LOGIN','SISTEMA','Inicio de sesión exitoso','::1',NULL,NULL,NULL,'2025-11-09 02:05:18'),(176,'KEVIN CABALLERO','ACCESO','DASHBOARD','Acceso al panel principal','::1','Mozilla/5.0 (Windows NT 10.0; Win64; x64) AppleWebKit/537.36 (KHTML, like Gecko) Chrome/142.0.0.0 Safari/537.36',NULL,NULL,'2025-11-09 02:05:18'),(177,'KEVIN CABALLERO','LOGOUT','SISTEMA','Cierre de sesión','::1',NULL,NULL,NULL,'2025-11-09 02:07:20'),(178,'Administrador','LOGIN','SISTEMA','Inicio de sesión exitoso','::1',NULL,NULL,NULL,'2025-11-09 02:07:24'),(179,'Administrador','ACCESO','DASHBOARD','Acceso al panel principal','::1','Mozilla/5.0 (Windows NT 10.0; Win64; x64) AppleWebKit/537.36 (KHTML, like Gecko) Chrome/142.0.0.0 Safari/537.36',NULL,NULL,'2025-11-09 02:07:24'),(180,'Administrador','LOGOUT','SISTEMA','Cierre de sesión','::1',NULL,NULL,NULL,'2025-11-09 02:12:07'),(181,'Administrador','LOGIN','SISTEMA','Inicio de sesión exitoso','::1',NULL,NULL,NULL,'2025-11-09 02:12:12'),(182,'Administrador','ACCESO','DASHBOARD','Acceso al panel principal','::1','Mozilla/5.0 (Windows NT 10.0; Win64; x64) AppleWebKit/537.36 (KHTML, like Gecko) Chrome/142.0.0.0 Safari/537.36',NULL,NULL,'2025-11-09 02:12:12'),(183,'Administrador','BACKUP','SISTEMA','Backup manual generado: backup_manual_2025-11-08_23-14-06.sql','::1','Mozilla/5.0 (Windows NT 10.0; Win64; x64) AppleWebKit/537.36 (KHTML, like Gecko) Chrome/142.0.0.0 Safari/537.36',NULL,'{\"archivo\":\"backup_manual_2025-11-08_23-14-06.sql\",\"tamano\":\"98.68 KB\"}','2025-11-09 02:14:06'),(184,'Administrador','ACCESO','AUDITORIA','Acceso al log de actividades','::1','Mozilla/5.0 (Windows NT 10.0; Win64; x64) AppleWebKit/537.36 (KHTML, like Gecko) Chrome/142.0.0.0 Safari/537.36',NULL,NULL,'2025-11-09 02:14:12'),(185,'Administrador','ACCESO','DASHBOARD','Acceso al panel principal','::1','Mozilla/5.0 (Windows NT 10.0; Win64; x64) AppleWebKit/537.36 (KHTML, like Gecko) Chrome/142.0.0.0 Safari/537.36',NULL,NULL,'2025-11-09 02:18:54'),(186,'Administrador','BACKUP','SISTEMA','Backup manual generado: backup_manual_2025-11-08_23-20-27.sql','::1','Mozilla/5.0 (Windows NT 10.0; Win64; x64) AppleWebKit/537.36 (KHTML, like Gecko) Chrome/142.0.0.0 Safari/537.36',NULL,'{\"archivo\":\"backup_manual_2025-11-08_23-20-27.sql\",\"tamano\":\"99.44 KB\"}','2025-11-09 02:20:28'),(187,'Administrador','BACKUP','SISTEMA','Backup descargado: backup_manual_2025-11-08_23-20-27.sql','::1','Mozilla/5.0 (Windows NT 10.0; Win64; x64) AppleWebKit/537.36 (KHTML, like Gecko) Chrome/142.0.0.0 Safari/537.36',NULL,NULL,'2025-11-09 02:20:31'),(188,'KEVIN CABALLERO','LOGIN','SISTEMA','Inicio de sesión exitoso','::1',NULL,NULL,NULL,'2025-11-09 07:01:09'),(189,'KEVIN CABALLERO','ACCESO','DASHBOARD','Acceso al panel principal','::1','Mozilla/5.0 (Windows NT 10.0; Win64; x64) AppleWebKit/537.36 (KHTML, like Gecko) Chrome/142.0.0.0 Safari/537.36',NULL,NULL,'2025-11-09 07:01:09'),(190,'KEVIN CABALLERO','ACCESO','DASHBOARD','Acceso al panel principal','::1','Mozilla/5.0 (Windows NT 10.0; Win64; x64) AppleWebKit/537.36 (KHTML, like Gecko) Chrome/142.0.0.0 Safari/537.36',NULL,NULL,'2025-11-09 07:04:45'),(191,'KEVIN CABALLERO','ACCESO','DASHBOARD','Acceso al panel principal','::1','Mozilla/5.0 (Windows NT 10.0; Win64; x64) AppleWebKit/537.36 (KHTML, like Gecko) Chrome/142.0.0.0 Safari/537.36',NULL,NULL,'2025-11-09 07:05:04'),(192,'KEVIN CABALLERO','LOGOUT','SISTEMA','Cierre de sesión','::1',NULL,NULL,NULL,'2025-11-09 07:10:00'),(193,'KEVIN CABALLERO','LOGIN','SISTEMA','Inicio de sesión exitoso','::1',NULL,NULL,NULL,'2025-11-09 07:11:17'),(194,'KEVIN CABALLERO','ACCESO','DASHBOARD','Acceso al panel principal','::1','Mozilla/5.0 (Windows NT 10.0; Win64; x64) AppleWebKit/537.36 (KHTML, like Gecko) Chrome/142.0.0.0 Safari/537.36',NULL,NULL,'2025-11-09 07:11:43'),(195,'KEVIN CABALLERO','LOGOUT','SISTEMA','Cierre de sesión','::1',NULL,NULL,NULL,'2025-11-09 07:11:45'),(196,'KEVIN CABALLERO','LOGIN','SISTEMA','Inicio de sesión exitoso','::1',NULL,NULL,NULL,'2025-11-09 07:15:10'),(197,'KEVIN CABALLERO','ACCESO','DASHBOARD','Acceso al panel principal','::1','Mozilla/5.0 (Windows NT 10.0; Win64; x64) AppleWebKit/537.36 (KHTML, like Gecko) Chrome/142.0.0.0 Safari/537.36',NULL,NULL,'2025-11-09 07:15:11'),(198,'KEVIN CABALLERO','ACCESO','DASHBOARD','Acceso al panel principal','::1','Mozilla/5.0 (Windows NT 10.0; Win64; x64) AppleWebKit/537.36 (KHTML, like Gecko) Chrome/142.0.0.0 Safari/537.36',NULL,NULL,'2025-11-09 07:15:19'),(199,'KEVIN CABALLERO','LOGOUT','SISTEMA','Cierre de sesión','::1',NULL,NULL,NULL,'2025-11-09 07:15:21'),(200,'KEVIN CABALLERO','LOGIN','SISTEMA','Inicio de sesión exitoso','::1',NULL,NULL,NULL,'2025-11-09 07:18:32'),(201,'KEVIN CABALLERO','ACCESO','DASHBOARD','Acceso al panel principal','::1','Mozilla/5.0 (Windows NT 10.0; Win64; x64) AppleWebKit/537.36 (KHTML, like Gecko) Chrome/142.0.0.0 Safari/537.36',NULL,NULL,'2025-11-09 07:20:23'),(202,'KEVIN CABALLERO','LOGOUT','SISTEMA','Cierre de sesión','::1',NULL,NULL,NULL,'2025-11-09 07:20:25'),(203,'KEVIN CABALLERO','LOGIN','SISTEMA','Inicio de sesión exitoso','::1',NULL,NULL,NULL,'2025-11-09 07:22:39'),(204,'KEVIN CABALLERO','ACCESO','DASHBOARD','Acceso al panel principal','::1','Mozilla/5.0 (Windows NT 10.0; Win64; x64) AppleWebKit/537.36 (KHTML, like Gecko) Chrome/142.0.0.0 Safari/537.36',NULL,NULL,'2025-11-09 07:24:40'),(205,'KEVIN CABALLERO','ACCESO','DASHBOARD','Acceso al panel principal','::1','Mozilla/5.0 (Windows NT 10.0; Win64; x64) AppleWebKit/537.36 (KHTML, like Gecko) Chrome/142.0.0.0 Safari/537.36',NULL,NULL,'2025-11-09 07:28:45'),(206,'KEVIN CABALLERO','LOGOUT','SISTEMA','Cierre de sesión','::1',NULL,NULL,NULL,'2025-11-09 07:28:46'),(207,'KEVIN CABALLERO','LOGIN','SISTEMA','Inicio de sesión exitoso','::1',NULL,NULL,NULL,'2025-11-09 07:28:55'),(208,'KEVIN CABALLERO','ACCESO','DASHBOARD','Acceso al panel principal','::1','Mozilla/5.0 (Windows NT 10.0; Win64; x64) AppleWebKit/537.36 (KHTML, like Gecko) Chrome/142.0.0.0 Safari/537.36',NULL,NULL,'2025-11-09 07:28:59'),(209,'KEVIN CABALLERO','LOGOUT','SISTEMA','Cierre de sesión','::1',NULL,NULL,NULL,'2025-11-09 07:29:00'),(210,'KEVIN CABALLERO','LOGIN','SISTEMA','Inicio de sesión exitoso','::1',NULL,NULL,NULL,'2025-11-09 07:32:21'),(211,'KEVIN CABALLERO','ACCESO','DASHBOARD','Acceso al panel principal','::1','Mozilla/5.0 (Windows NT 10.0; Win64; x64) AppleWebKit/537.36 (KHTML, like Gecko) Chrome/142.0.0.0 Safari/537.36',NULL,NULL,'2025-11-09 07:33:03'),(212,'KEVIN CABALLERO','LOGOUT','SISTEMA','Cierre de sesión','::1',NULL,NULL,NULL,'2025-11-09 07:33:05'),(213,'KEVIN CABALLERO','LOGIN','SISTEMA','Inicio de sesión exitoso','::1',NULL,NULL,NULL,'2025-11-09 07:34:42'),(214,'KEVIN CABALLERO','ACCESO','DASHBOARD','Acceso al panel principal','::1','Mozilla/5.0 (Windows NT 10.0; Win64; x64) AppleWebKit/537.36 (KHTML, like Gecko) Chrome/142.0.0.0 Safari/537.36',NULL,NULL,'2025-11-09 07:39:43'),(215,'KEVIN CABALLERO','ACCESO','DASHBOARD','Acceso al panel principal','::1','Mozilla/5.0 (Windows NT 10.0; Win64; x64) AppleWebKit/537.36 (KHTML, like Gecko) Chrome/142.0.0.0 Safari/537.36',NULL,NULL,'2025-11-09 07:41:24'),(216,'KEVIN CABALLERO','ACCESO','DASHBOARD','Acceso al panel principal','::1','Mozilla/5.0 (Windows NT 10.0; Win64; x64) AppleWebKit/537.36 (KHTML, like Gecko) Chrome/142.0.0.0 Safari/537.36',NULL,NULL,'2025-11-09 07:46:28'),(217,'KEVIN CABALLERO','ACCESO','VENTAS','Acceso a gestión de cuotas','::1','Mozilla/5.0 (Windows NT 10.0; Win64; x64) AppleWebKit/537.36 (KHTML, like Gecko) Chrome/142.0.0.0 Safari/537.36',NULL,NULL,'2025-11-09 07:46:31'),(218,'KEVIN CABALLERO','ACCESO','VENTAS','Acceso a gestión de cuotas','::1','Mozilla/5.0 (Windows NT 10.0; Win64; x64) AppleWebKit/537.36 (KHTML, like Gecko) Chrome/142.0.0.0 Safari/537.36',NULL,NULL,'2025-11-09 07:47:29'),(219,'KEVIN CABALLERO','COBRO_CUOTA','VENTAS','Cuota cobrada: Venta #8, Cuota #1, Cliente: KEVIN SEBASTIAN CABALLERO GODOY','::1','Mozilla/5.0 (Windows NT 10.0; Win64; x64) AppleWebKit/537.36 (KHTML, like Gecko) Chrome/142.0.0.0 Safari/537.36',NULL,'{\"id_cuota\":18,\"id_venta\":8,\"numero_cuota\":1,\"monto\":\"183333.33\",\"fecha_pago\":\"2025-11-09\"}','2025-11-09 07:48:07'),(220,'KEVIN CABALLERO','ACCESO','VENTAS','Acceso a gestión de cuotas','::1','Mozilla/5.0 (Windows NT 10.0; Win64; x64) AppleWebKit/537.36 (KHTML, like Gecko) Chrome/142.0.0.0 Safari/537.36',NULL,NULL,'2025-11-09 07:48:08'),(221,'KEVIN CABALLERO','COBRO_CUOTA','VENTAS','Cuota cobrada: Venta #7, Cuota #1, Cliente: KEVIN SEBASTIAN CABALLERO GODOY','::1','Mozilla/5.0 (Windows NT 10.0; Win64; x64) AppleWebKit/537.36 (KHTML, like Gecko) Chrome/142.0.0.0 Safari/537.36',NULL,'{\"id_cuota\":6,\"id_venta\":7,\"numero_cuota\":1,\"monto\":\"62172.92\",\"fecha_pago\":\"2025-11-09\"}','2025-11-09 07:48:23'),(222,'KEVIN CABALLERO','ACCESO','VENTAS','Acceso a gestión de cuotas','::1','Mozilla/5.0 (Windows NT 10.0; Win64; x64) AppleWebKit/537.36 (KHTML, like Gecko) Chrome/142.0.0.0 Safari/537.36',NULL,NULL,'2025-11-09 07:48:24'),(223,'KEVIN CABALLERO','COBRO_CUOTA','VENTAS','Cuota cobrada: Venta #8, Cuota #2, Cliente: KEVIN SEBASTIAN CABALLERO GODOY','::1','Mozilla/5.0 (Windows NT 10.0; Win64; x64) AppleWebKit/537.36 (KHTML, like Gecko) Chrome/142.0.0.0 Safari/537.36',NULL,'{\"id_cuota\":19,\"id_venta\":8,\"numero_cuota\":2,\"monto\":\"183333.33\",\"fecha_pago\":\"2025-11-09\"}','2025-11-09 07:48:42'),(224,'KEVIN CABALLERO','ACCESO','VENTAS','Acceso a gestión de cuotas','::1','Mozilla/5.0 (Windows NT 10.0; Win64; x64) AppleWebKit/537.36 (KHTML, like Gecko) Chrome/142.0.0.0 Safari/537.36',NULL,NULL,'2025-11-09 07:48:43'),(225,'KEVIN CABALLERO','COBRO_CUOTA','VENTAS','Cuota cobrada: Venta #8, Cuota #3, Cliente: KEVIN SEBASTIAN CABALLERO GODOY','::1','Mozilla/5.0 (Windows NT 10.0; Win64; x64) AppleWebKit/537.36 (KHTML, like Gecko) Chrome/142.0.0.0 Safari/537.36',NULL,'{\"id_cuota\":20,\"id_venta\":8,\"numero_cuota\":3,\"monto\":\"183333.33\",\"fecha_pago\":\"2025-11-09\"}','2025-11-09 07:49:26'),(226,'KEVIN CABALLERO','ACCESO','VENTAS','Acceso a gestión de cuotas','::1','Mozilla/5.0 (Windows NT 10.0; Win64; x64) AppleWebKit/537.36 (KHTML, like Gecko) Chrome/142.0.0.0 Safari/537.36',NULL,NULL,'2025-11-09 07:49:28'),(227,'KEVIN CABALLERO','ACCESO','VENTAS','Acceso a gestión de cuotas','::1','Mozilla/5.0 (Windows NT 10.0; Win64; x64) AppleWebKit/537.36 (KHTML, like Gecko) Chrome/142.0.0.0 Safari/537.36',NULL,NULL,'2025-11-09 07:49:35'),(228,'KEVIN CABALLERO','ACCESO','VENTAS','Acceso a gestión de cuotas','::1','Mozilla/5.0 (Windows NT 10.0; Win64; x64) AppleWebKit/537.36 (KHTML, like Gecko) Chrome/142.0.0.0 Safari/537.36',NULL,NULL,'2025-11-09 07:49:45'),(229,'KEVIN CABALLERO','ACCESO','DASHBOARD','Acceso al panel principal','::1','Mozilla/5.0 (Windows NT 10.0; Win64; x64) AppleWebKit/537.36 (KHTML, like Gecko) Chrome/142.0.0.0 Safari/537.36',NULL,NULL,'2025-11-09 07:49:55'),(230,'KEVIN CABALLERO','ACCESO','VENTAS','Acceso a gestión de cuotas','::1','Mozilla/5.0 (Windows NT 10.0; Win64; x64) AppleWebKit/537.36 (KHTML, like Gecko) Chrome/142.0.0.0 Safari/537.36',NULL,NULL,'2025-11-09 07:50:15'),(231,'KEVIN CABALLERO','ACCESO','DASHBOARD','Acceso al panel principal','::1','Mozilla/5.0 (Windows NT 10.0; Win64; x64) AppleWebKit/537.36 (KHTML, like Gecko) Chrome/142.0.0.0 Safari/537.36',NULL,NULL,'2025-11-09 08:02:40'),(232,'KEVIN CABALLERO','ACCESO','DASHBOARD','Acceso al panel principal','::1','Mozilla/5.0 (Windows NT 10.0; Win64; x64) AppleWebKit/537.36 (KHTML, like Gecko) Chrome/142.0.0.0 Safari/537.36',NULL,NULL,'2025-11-09 08:02:51'),(233,'KEVIN CABALLERO','ACCESO','DASHBOARD','Acceso al panel principal','::1','Mozilla/5.0 (Windows NT 10.0; Win64; x64) AppleWebKit/537.36 (KHTML, like Gecko) Chrome/142.0.0.0 Safari/537.36',NULL,NULL,'2025-11-09 08:03:01'),(234,'KEVIN CABALLERO','ACCESO','DASHBOARD','Acceso al panel principal','::1','Mozilla/5.0 (Windows NT 10.0; Win64; x64) AppleWebKit/537.36 (KHTML, like Gecko) Chrome/142.0.0.0 Safari/537.36',NULL,NULL,'2025-11-09 08:03:04'),(235,'KEVIN CABALLERO','ACCESO','DASHBOARD','Acceso al panel principal','::1','Mozilla/5.0 (Windows NT 10.0; Win64; x64) AppleWebKit/537.36 (KHTML, like Gecko) Chrome/142.0.0.0 Safari/537.36',NULL,NULL,'2025-11-09 08:04:50'),(236,'KEVIN CABALLERO','ACCESO','DASHBOARD','Acceso al panel principal','::1','Mozilla/5.0 (Windows NT 10.0; Win64; x64) AppleWebKit/537.36 (KHTML, like Gecko) Chrome/142.0.0.0 Safari/537.36',NULL,NULL,'2025-11-09 08:04:51'),(237,'KEVIN CABALLERO','ACCESO','CAJA','Acceso a apertura de caja','::1','Mozilla/5.0 (Windows NT 10.0; Win64; x64) AppleWebKit/537.36 (KHTML, like Gecko) Chrome/142.0.0.0 Safari/537.36',NULL,NULL,'2025-11-09 08:05:17'),(238,'KEVIN CABALLERO','LOGIN','SISTEMA','Inicio de sesión exitoso','::1',NULL,NULL,NULL,'2025-11-09 18:00:55'),(239,'KEVIN CABALLERO','ACCESO','DASHBOARD','Acceso al panel principal','::1','Mozilla/5.0 (Windows NT 10.0; Win64; x64) AppleWebKit/537.36 (KHTML, like Gecko) Chrome/142.0.0.0 Safari/537.36',NULL,NULL,'2025-11-09 18:00:58'),(240,'KEVIN CABALLERO','ACCESO','CAJA','Acceso a apertura de caja','::1','Mozilla/5.0 (Windows NT 10.0; Win64; x64) AppleWebKit/537.36 (KHTML, like Gecko) Chrome/142.0.0.0 Safari/537.36',NULL,NULL,'2025-11-09 18:00:59'),(241,'KEVIN CABALLERO','APERTURA_CAJA','CAJA','Apertura de caja #9 - Saldo inicial: ₲ 0','::1','Mozilla/5.0 (Windows NT 10.0; Win64; x64) AppleWebKit/537.36 (KHTML, like Gecko) Chrome/142.0.0.0 Safari/537.36',NULL,'{\"id_cierre\":\"9\",\"saldo_inicial\":0,\"fecha_apertura\":\"2025-11-09 12:00:00\",\"observaciones\":null}','2025-11-09 18:01:08'),(242,'KEVIN CABALLERO','ACCESO','DASHBOARD','Acceso al panel principal','::1','Mozilla/5.0 (Windows NT 10.0; Win64; x64) AppleWebKit/537.36 (KHTML, like Gecko) Chrome/142.0.0.0 Safari/537.36',NULL,NULL,'2025-11-09 18:01:10'),(243,'KEVIN CABALLERO','ACCESO','VENTAS','Acceso a gestión de cuotas','::1','Mozilla/5.0 (Windows NT 10.0; Win64; x64) AppleWebKit/537.36 (KHTML, like Gecko) Chrome/142.0.0.0 Safari/537.36',NULL,NULL,'2025-11-09 18:06:07'),(244,'KEVIN CABALLERO','ACCESO','VENTAS','Acceso a gestión de cuotas','::1','Mozilla/5.0 (Windows NT 10.0; Win64; x64) AppleWebKit/537.36 (KHTML, like Gecko) Chrome/142.0.0.0 Safari/537.36',NULL,NULL,'2025-11-09 18:07:39'),(245,'KEVIN CABALLERO','ACCESO','VENTAS','Acceso a gestión de cuotas','::1','Mozilla/5.0 (Windows NT 10.0; Win64; x64) AppleWebKit/537.36 (KHTML, like Gecko) Chrome/142.0.0.0 Safari/537.36',NULL,NULL,'2025-11-09 18:08:02'),(246,'KEVIN CABALLERO','ACCESO','CUENTAS_CORRIENTES','Acceso a listado de deudas','::1','Mozilla/5.0 (Windows NT 10.0; Win64; x64) AppleWebKit/537.36 (KHTML, like Gecko) Chrome/142.0.0.0 Safari/537.36',NULL,NULL,'2025-11-09 18:36:47'),(247,'KEVIN CABALLERO','ACCESO','CUENTAS_CORRIENTES','Acceso a listado de deudas','::1','Mozilla/5.0 (Windows NT 10.0; Win64; x64) AppleWebKit/537.36 (KHTML, like Gecko) Chrome/142.0.0.0 Safari/537.36',NULL,NULL,'2025-11-09 18:36:50'),(248,'KEVIN CABALLERO','ACCESO','CUENTAS_CORRIENTES','Acceso a listado de deudas','::1','Mozilla/5.0 (Windows NT 10.0; Win64; x64) AppleWebKit/537.36 (KHTML, like Gecko) Chrome/142.0.0.0 Safari/537.36',NULL,NULL,'2025-11-09 18:37:32'),(249,'KEVIN CABALLERO','ACCESO','CUENTAS_CORRIENTES','Acceso a listado de deudas','::1','Mozilla/5.0 (Windows NT 10.0; Win64; x64) AppleWebKit/537.36 (KHTML, like Gecko) Chrome/142.0.0.0 Safari/537.36',NULL,NULL,'2025-11-09 18:37:34'),(250,'KEVIN CABALLERO','ACCESO','CUENTAS_CORRIENTES','Acceso a listado de deudas','::1','Mozilla/5.0 (Windows NT 10.0; Win64; x64) AppleWebKit/537.36 (KHTML, like Gecko) Chrome/142.0.0.0 Safari/537.36',NULL,NULL,'2025-11-09 18:40:34'),(251,'KEVIN CABALLERO','ACCESO','CUENTAS_CORRIENTES','Acceso a formulario de pago - Cliente: KEVIN SEBASTIAN CABALLERO GODOY','::1','Mozilla/5.0 (Windows NT 10.0; Win64; x64) AppleWebKit/537.36 (KHTML, like Gecko) Chrome/142.0.0.0 Safari/537.36',NULL,NULL,'2025-11-09 18:40:51'),(252,'KEVIN CABALLERO','ACCESO','CUENTAS_CORRIENTES','Acceso a cuenta corriente del cliente: KEVIN SEBASTIAN CABALLERO GODOY','::1','Mozilla/5.0 (Windows NT 10.0; Win64; x64) AppleWebKit/537.36 (KHTML, like Gecko) Chrome/142.0.0.0 Safari/537.36',NULL,NULL,'2025-11-09 18:40:55'),(253,'KEVIN CABALLERO','ACCESO','CUENTAS_CORRIENTES','Acceso a formulario de pago - Cliente: KEVIN SEBASTIAN CABALLERO GODOY','::1','Mozilla/5.0 (Windows NT 10.0; Win64; x64) AppleWebKit/537.36 (KHTML, like Gecko) Chrome/142.0.0.0 Safari/537.36',NULL,NULL,'2025-11-09 18:41:00'),(254,'KEVIN CABALLERO','ACCESO','CUENTAS_CORRIENTES','Acceso a formulario de pago - Cliente: KEVIN SEBASTIAN CABALLERO GODOY','::1','Mozilla/5.0 (Windows NT 10.0; Win64; x64) AppleWebKit/537.36 (KHTML, like Gecko) Chrome/142.0.0.0 Safari/537.36',NULL,NULL,'2025-11-09 18:43:38'),(255,'KEVIN CABALLERO','ACCESO','CUENTAS_CORRIENTES','Acceso a formulario de pago - Cliente: KEVIN SEBASTIAN CABALLERO GODOY','::1','Mozilla/5.0 (Windows NT 10.0; Win64; x64) AppleWebKit/537.36 (KHTML, like Gecko) Chrome/142.0.0.0 Safari/537.36',NULL,NULL,'2025-11-09 18:57:37'),(256,'KEVIN CABALLERO','PAGO_CUENTA_CORRIENTE','CUENTAS_CORRIENTES','Pago registrado - Cliente: KEVIN SEBASTIAN CABALLERO GODOY, Monto: ₲ 26.000 (Tipo: TOTAL)','::1','Mozilla/5.0 (Windows NT 10.0; Win64; x64) AppleWebKit/537.36 (KHTML, like Gecko) Chrome/142.0.0.0 Safari/537.36','{\"saldo_anterior\":25000}','{\"id_cliente\":1,\"monto_pago\":26000,\"tipo_pago\":\"TOTAL\",\"saldo_nuevo\":-1000,\"fecha_pago\":\"2025-11-09\"}','2025-11-09 18:57:56'),(257,'KEVIN CABALLERO','ACCESO','CUENTAS_CORRIENTES','Acceso a cuenta corriente del cliente: KEVIN SEBASTIAN CABALLERO GODOY','::1','Mozilla/5.0 (Windows NT 10.0; Win64; x64) AppleWebKit/537.36 (KHTML, like Gecko) Chrome/142.0.0.0 Safari/537.36',NULL,NULL,'2025-11-09 18:57:59'),(258,'KEVIN CABALLERO','ACCESO','CUENTAS_CORRIENTES','Acceso a listado de deudas','::1','Mozilla/5.0 (Windows NT 10.0; Win64; x64) AppleWebKit/537.36 (KHTML, like Gecko) Chrome/142.0.0.0 Safari/537.36',NULL,NULL,'2025-11-09 18:58:07'),(259,'KEVIN CABALLERO','ACCESO','CUENTAS_CORRIENTES','Acceso a listado de deudas','::1','Mozilla/5.0 (Windows NT 10.0; Win64; x64) AppleWebKit/537.36 (KHTML, like Gecko) Chrome/142.0.0.0 Safari/537.36',NULL,NULL,'2025-11-09 18:58:10'),(260,'KEVIN CABALLERO','ACCESO','DASHBOARD','Acceso al panel principal','::1','Mozilla/5.0 (Windows NT 10.0; Win64; x64) AppleWebKit/537.36 (KHTML, like Gecko) Chrome/142.0.0.0 Safari/537.36',NULL,NULL,'2025-11-09 18:58:35'),(261,'KEVIN CABALLERO','BACKUP','SISTEMA','Backup manual generado: backup_manual_2025-11-09_15-58-53.sql','::1','Mozilla/5.0 (Windows NT 10.0; Win64; x64) AppleWebKit/537.36 (KHTML, like Gecko) Chrome/142.0.0.0 Safari/537.36',NULL,'{\"archivo\":\"backup_manual_2025-11-09_15-58-53.sql\",\"tamano\":\"120.62 KB\"}','2025-11-09 18:58:53'),(262,'KEVIN CABALLERO','BACKUP','SISTEMA','Backup manual generado: backup_manual_2025-11-09_16-01-49.sql','::1','Mozilla/5.0 (Windows NT 10.0; Win64; x64) AppleWebKit/537.36 (KHTML, like Gecko) Chrome/142.0.0.0 Safari/537.36',NULL,'{\"archivo\":\"backup_manual_2025-11-09_16-01-49.sql\",\"tamano\":\"120.95 KB\"}','2025-11-09 19:01:50'),(263,'KEVIN CABALLERO','ACCESO','CUENTAS_CORRIENTES','Acceso a listado de deudas','::1','Mozilla/5.0 (Windows NT 10.0; Win64; x64) AppleWebKit/537.36 (KHTML, like Gecko) Chrome/142.0.0.0 Safari/537.36',NULL,NULL,'2025-11-09 19:01:53'),(264,'KEVIN CABALLERO','ACCESO','DASHBOARD','Acceso al panel principal','::1','Mozilla/5.0 (Windows NT 10.0; Win64; x64) AppleWebKit/537.36 (KHTML, like Gecko) Chrome/142.0.0.0 Safari/537.36',NULL,NULL,'2025-11-09 19:01:56'),(265,'KEVIN CABALLERO','LOGOUT','SISTEMA','Cierre de sesión','::1',NULL,NULL,NULL,'2025-11-09 19:32:14'),(266,'KEVIN CABALLERO','LOGIN','SISTEMA','Inicio de sesión exitoso','::1',NULL,NULL,NULL,'2025-11-09 19:32:20'),(267,'KEVIN CABALLERO','ACCESO','DASHBOARD','Acceso al panel principal','::1','Mozilla/5.0 (Windows NT 10.0; Win64; x64) AppleWebKit/537.36 (KHTML, like Gecko) Chrome/142.0.0.0 Safari/537.36',NULL,NULL,'2025-11-09 19:32:20'),(268,'KEVIN CABALLERO','ACCESO','CAJA','Acceso a cierre de caja','::1','Mozilla/5.0 (Windows NT 10.0; Win64; x64) AppleWebKit/537.36 (KHTML, like Gecko) Chrome/142.0.0.0 Safari/537.36',NULL,NULL,'2025-11-09 19:32:24'),(269,'KEVIN CABALLERO','CIERRE_CAJA','CAJA','Cierre de caja #9 - Diferencia: ₲ 0','::1','Mozilla/5.0 (Windows NT 10.0; Win64; x64) AppleWebKit/537.36 (KHTML, like Gecko) Chrome/142.0.0.0 Safari/537.36','{\"saldo_inicial\":0,\"estado_anterior\":\"ABIERTA\"}','{\"id_cierre\":9,\"saldo_sistema\":0,\"saldo_fisico\":0,\"diferencia\":0,\"total_ingresos\":0,\"total_egresos\":0,\"estado_nuevo\":\"CERRADA\"}','2025-11-09 19:32:28'),(270,'KEVIN CABALLERO','ACCESO','DASHBOARD','Acceso al panel principal','::1','Mozilla/5.0 (Windows NT 10.0; Win64; x64) AppleWebKit/537.36 (KHTML, like Gecko) Chrome/142.0.0.0 Safari/537.36',NULL,NULL,'2025-11-09 19:32:32'),(271,'KEVIN CABALLERO','LOGOUT','SISTEMA','Cierre de sesión','::1',NULL,NULL,NULL,'2025-11-09 19:32:37'),(272,'Administrador','LOGIN','SISTEMA','Inicio de sesión exitoso','::1',NULL,NULL,NULL,'2025-11-09 19:33:05'),(273,'Administrador','ACCESO','DASHBOARD','Acceso al panel principal','::1','Mozilla/5.0 (Windows NT 10.0; Win64; x64) AppleWebKit/537.36 (KHTML, like Gecko) Chrome/142.0.0.0 Safari/537.36',NULL,NULL,'2025-11-09 19:33:05'),(274,'Administrador','ACCESO','DASHBOARD','Acceso al panel principal','::1','Mozilla/5.0 (Windows NT 10.0; Win64; x64) AppleWebKit/537.36 (KHTML, like Gecko) Chrome/142.0.0.0 Safari/537.36',NULL,NULL,'2025-11-09 19:33:31'),(275,'Administrador','ACCESO','DASHBOARD','Acceso al panel principal','::1','Mozilla/5.0 (Windows NT 10.0; Win64; x64) AppleWebKit/537.36 (KHTML, like Gecko) Chrome/142.0.0.0 Safari/537.36',NULL,NULL,'2025-11-09 19:33:35'),(276,'Administrador','ACCESO','DASHBOARD','Acceso al panel principal','::1','Mozilla/5.0 (Windows NT 10.0; Win64; x64) AppleWebKit/537.36 (KHTML, like Gecko) Chrome/142.0.0.0 Safari/537.36',NULL,NULL,'2025-11-09 19:33:37'),(277,'Administrador','ACCESO','DASHBOARD','Acceso al panel principal','::1','Mozilla/5.0 (Windows NT 10.0; Win64; x64) AppleWebKit/537.36 (KHTML, like Gecko) Chrome/142.0.0.0 Safari/537.36',NULL,NULL,'2025-11-09 19:33:47'),(278,'Administrador','ACCESO','DASHBOARD','Acceso al panel principal','::1','Mozilla/5.0 (Windows NT 10.0; Win64; x64) AppleWebKit/537.36 (KHTML, like Gecko) Chrome/142.0.0.0 Safari/537.36',NULL,NULL,'2025-11-09 19:33:48'),(279,'Administrador','ACCESO','DASHBOARD','Acceso al panel principal','::1','Mozilla/5.0 (Windows NT 10.0; Win64; x64) AppleWebKit/537.36 (KHTML, like Gecko) Chrome/142.0.0.0 Safari/537.36',NULL,NULL,'2025-11-09 19:33:49'),(280,'Administrador','ACCESO','DASHBOARD','Acceso al panel principal','::1','Mozilla/5.0 (Windows NT 10.0; Win64; x64) AppleWebKit/537.36 (KHTML, like Gecko) Chrome/142.0.0.0 Safari/537.36',NULL,NULL,'2025-11-09 19:34:10'),(281,'Administrador','ACCESO','DASHBOARD','Acceso al panel principal','::1','Mozilla/5.0 (Windows NT 10.0; Win64; x64) AppleWebKit/537.36 (KHTML, like Gecko) Chrome/142.0.0.0 Safari/537.36',NULL,NULL,'2025-11-09 19:34:11'),(282,'Administrador','ACCESO','DASHBOARD','Acceso al panel principal','::1','Mozilla/5.0 (Windows NT 10.0; Win64; x64) AppleWebKit/537.36 (KHTML, like Gecko) Chrome/142.0.0.0 Safari/537.36',NULL,NULL,'2025-11-09 19:34:11'),(283,'Administrador','ACCESO','DASHBOARD','Acceso al panel principal','::1','Mozilla/5.0 (Windows NT 10.0; Win64; x64) AppleWebKit/537.36 (KHTML, like Gecko) Chrome/142.0.0.0 Safari/537.36',NULL,NULL,'2025-11-09 19:34:11'),(284,'Administrador','ACCESO','DASHBOARD','Acceso al panel principal','::1','Mozilla/5.0 (Windows NT 10.0; Win64; x64) AppleWebKit/537.36 (KHTML, like Gecko) Chrome/142.0.0.0 Safari/537.36',NULL,NULL,'2025-11-09 19:34:11'),(285,'Administrador','ACCESO','DASHBOARD','Acceso al panel principal','::1','Mozilla/5.0 (Windows NT 10.0; Win64; x64) AppleWebKit/537.36 (KHTML, like Gecko) Chrome/142.0.0.0 Safari/537.36',NULL,NULL,'2025-11-09 19:34:11'),(286,'Administrador','ACCESO','DASHBOARD','Acceso al panel principal','::1','Mozilla/5.0 (Windows NT 10.0; Win64; x64) AppleWebKit/537.36 (KHTML, like Gecko) Chrome/142.0.0.0 Safari/537.36',NULL,NULL,'2025-11-09 19:34:38'),(287,'Administrador','ACCESO','DASHBOARD','Acceso al panel principal','::1','Mozilla/5.0 (Windows NT 10.0; Win64; x64) AppleWebKit/537.36 (KHTML, like Gecko) Chrome/142.0.0.0 Safari/537.36',NULL,NULL,'2025-11-09 19:34:38'),(288,'Administrador','ACCESO','DASHBOARD','Acceso al panel principal','::1','Mozilla/5.0 (Windows NT 10.0; Win64; x64) AppleWebKit/537.36 (KHTML, like Gecko) Chrome/142.0.0.0 Safari/537.36',NULL,NULL,'2025-11-09 19:34:38'),(289,'Administrador','ACCESO','DASHBOARD','Acceso al panel principal','::1','Mozilla/5.0 (Windows NT 10.0; Win64; x64) AppleWebKit/537.36 (KHTML, like Gecko) Chrome/142.0.0.0 Safari/537.36',NULL,NULL,'2025-11-09 19:34:39'),(290,'KEVIN CABALLERO','LOGIN','SISTEMA','Inicio de sesión exitoso','::1',NULL,NULL,NULL,'2025-11-09 19:35:47'),(291,'KEVIN CABALLERO','ACCESO','DASHBOARD','Acceso al panel principal','::1','Mozilla/5.0 (Windows NT 10.0; Win64; x64) AppleWebKit/537.36 (KHTML, like Gecko) Chrome/142.0.0.0 Safari/537.36',NULL,NULL,'2025-11-09 19:35:47'),(292,'KEVIN CABALLERO','ACCESO','USUARIOS','Acceso al listado de usuarios','::1','Mozilla/5.0 (Windows NT 10.0; Win64; x64) AppleWebKit/537.36 (KHTML, like Gecko) Chrome/142.0.0.0 Safari/537.36',NULL,NULL,'2025-11-09 19:35:55'),(293,'KEVIN CABALLERO','ACCESO','USUARIOS','Acceso a edición de usuario: VENDEDOR','::1','Mozilla/5.0 (Windows NT 10.0; Win64; x64) AppleWebKit/537.36 (KHTML, like Gecko) Chrome/142.0.0.0 Safari/537.36',NULL,NULL,'2025-11-09 19:35:57'),(294,'KEVIN CABALLERO','EDITAR','USUARIOS','Usuario editado: VENDEDOR (ID: 6) - Cambios: Contraseña actualizada','::1','Mozilla/5.0 (Windows NT 10.0; Win64; x64) AppleWebKit/537.36 (KHTML, like Gecko) Chrome/142.0.0.0 Safari/537.36','{\"nombre\":\"VENDEDOR\",\"usuario\":\"vendedor\",\"rol\":\"VENDEDOR\",\"estado\":1}','{\"nombre\":\"VENDEDOR\",\"usuario\":\"vendedor\",\"rol\":\"VENDEDOR\",\"estado\":1,\"password_cambiado\":true}','2025-11-09 19:36:04'),(295,'KEVIN CABALLERO','LOGOUT','SISTEMA','Cierre de sesión','::1',NULL,NULL,NULL,'2025-11-09 19:36:06'),(296,'VENDEDOR','LOGIN','SISTEMA','Inicio de sesión exitoso','::1',NULL,NULL,NULL,'2025-11-09 19:36:13'),(297,'VENDEDOR','ACCESO','DASHBOARD','Acceso al panel principal','::1','Mozilla/5.0 (Windows NT 10.0; Win64; x64) AppleWebKit/537.36 (KHTML, like Gecko) Chrome/142.0.0.0 Safari/537.36',NULL,NULL,'2025-11-09 19:36:13'),(298,'VENDEDOR','ACCESO','DASHBOARD','Acceso al panel principal','::1','Mozilla/5.0 (Windows NT 10.0; Win64; x64) AppleWebKit/537.36 (KHTML, like Gecko) Chrome/142.0.0.0 Safari/537.36',NULL,NULL,'2025-11-09 19:36:16'),(299,'VENDEDOR','ACCESO','DASHBOARD','Acceso al panel principal','::1','Mozilla/5.0 (Windows NT 10.0; Win64; x64) AppleWebKit/537.36 (KHTML, like Gecko) Chrome/142.0.0.0 Safari/537.36',NULL,NULL,'2025-11-09 19:36:20'),(300,'VENDEDOR','ACCESO','DASHBOARD','Acceso al panel principal','::1','Mozilla/5.0 (Windows NT 10.0; Win64; x64) AppleWebKit/537.36 (KHTML, like Gecko) Chrome/142.0.0.0 Safari/537.36',NULL,NULL,'2025-11-09 19:36:28'),(301,'VENDEDOR','LOGOUT','SISTEMA','Cierre de sesión','::1',NULL,NULL,NULL,'2025-11-09 19:36:34'),(302,'KEVIN CABALLERO','LOGIN','SISTEMA','Inicio de sesión exitoso','::1',NULL,NULL,NULL,'2025-11-09 19:36:40'),(303,'KEVIN CABALLERO','ACCESO','DASHBOARD','Acceso al panel principal','::1','Mozilla/5.0 (Windows NT 10.0; Win64; x64) AppleWebKit/537.36 (KHTML, like Gecko) Chrome/142.0.0.0 Safari/537.36',NULL,NULL,'2025-11-09 19:36:40'),(304,'KEVIN CABALLERO','LOGIN','SISTEMA','Inicio de sesión exitoso','::1',NULL,NULL,NULL,'2025-11-09 23:07:23'),(305,'KEVIN CABALLERO','ACCESO','DASHBOARD','Acceso al panel principal','::1','Mozilla/5.0 (Windows NT 10.0; Win64; x64) AppleWebKit/537.36 (KHTML, like Gecko) Chrome/142.0.0.0 Safari/537.36',NULL,NULL,'2025-11-09 23:07:23'),(306,'KEVIN CABALLERO','LOGIN','SISTEMA','Inicio de sesión exitoso','::1',NULL,NULL,NULL,'2025-11-11 01:42:11'),(307,'KEVIN CABALLERO','ACCESO','DASHBOARD','Acceso al panel principal','::1','Mozilla/5.0 (Windows NT 10.0; Win64; x64) AppleWebKit/537.36 (KHTML, like Gecko) Chrome/142.0.0.0 Safari/537.36',NULL,NULL,'2025-11-11 01:42:11'),(308,'KEVIN CABALLERO','ACCESO','CAJA','Acceso a apertura de caja','::1','Mozilla/5.0 (Windows NT 10.0; Win64; x64) AppleWebKit/537.36 (KHTML, like Gecko) Chrome/142.0.0.0 Safari/537.36',NULL,NULL,'2025-11-11 01:42:16'),(309,'KEVIN CABALLERO','APERTURA_CAJA','CAJA','Apertura de caja #10 - Saldo inicial: ₲ 0','::1','Mozilla/5.0 (Windows NT 10.0; Win64; x64) AppleWebKit/537.36 (KHTML, like Gecko) Chrome/142.0.0.0 Safari/537.36',NULL,'{\"id_cierre\":\"10\",\"saldo_inicial\":0,\"fecha_apertura\":\"2025-11-10 19:42:00\",\"observaciones\":null}','2025-11-11 01:42:23'),(310,'KEVIN CABALLERO','ACCESO','DASHBOARD','Acceso al panel principal','::1','Mozilla/5.0 (Windows NT 10.0; Win64; x64) AppleWebKit/537.36 (KHTML, like Gecko) Chrome/142.0.0.0 Safari/537.36',NULL,NULL,'2025-11-11 01:42:24'),(311,'KEVIN CABALLERO','ACCESO','CAJA','Acceso a apertura de caja','::1','Mozilla/5.0 (Windows NT 10.0; Win64; x64) AppleWebKit/537.36 (KHTML, like Gecko) Chrome/142.0.0.0 Safari/537.36',NULL,NULL,'2025-11-11 01:42:29'),(312,'KEVIN CABALLERO','ACCESO','CAJA','Acceso a apertura de caja','::1','Mozilla/5.0 (Windows NT 10.0; Win64; x64) AppleWebKit/537.36 (KHTML, like Gecko) Chrome/142.0.0.0 Safari/537.36',NULL,NULL,'2025-11-11 01:42:34'),(313,'KEVIN CABALLERO','LOGOUT','SISTEMA','Cierre de sesión','::1',NULL,NULL,NULL,'2025-11-11 01:42:44'),(314,'Administrador','LOGIN','SISTEMA','Inicio de sesión exitoso','::1',NULL,NULL,NULL,'2025-11-11 01:42:51'),(315,'Administrador','ACCESO','DASHBOARD','Acceso al panel principal','::1','Mozilla/5.0 (Windows NT 10.0; Win64; x64) AppleWebKit/537.36 (KHTML, like Gecko) Chrome/142.0.0.0 Safari/537.36',NULL,NULL,'2025-11-11 01:42:51'),(316,'Administrador','ACCESO','CAJA','Acceso a cierre de caja','::1','Mozilla/5.0 (Windows NT 10.0; Win64; x64) AppleWebKit/537.36 (KHTML, like Gecko) Chrome/142.0.0.0 Safari/537.36',NULL,NULL,'2025-11-11 01:42:56'),(317,'Administrador','CIERRE_CAJA','CAJA','Cierre de caja #10 - Diferencia: ₲ 0','::1','Mozilla/5.0 (Windows NT 10.0; Win64; x64) AppleWebKit/537.36 (KHTML, like Gecko) Chrome/142.0.0.0 Safari/537.36','{\"saldo_inicial\":0,\"estado_anterior\":\"ABIERTA\"}','{\"id_cierre\":10,\"saldo_sistema\":0,\"saldo_fisico\":0,\"diferencia\":0,\"total_ingresos\":0,\"total_egresos\":0,\"estado_nuevo\":\"CERRADA\"}','2025-11-11 01:43:02'),(318,'Administrador','ACCESO','DASHBOARD','Acceso al panel principal','::1','Mozilla/5.0 (Windows NT 10.0; Win64; x64) AppleWebKit/537.36 (KHTML, like Gecko) Chrome/142.0.0.0 Safari/537.36',NULL,NULL,'2025-11-11 01:43:04'),(319,'Administrador','ACCESO','CAJA','Acceso a apertura de caja','::1','Mozilla/5.0 (Windows NT 10.0; Win64; x64) AppleWebKit/537.36 (KHTML, like Gecko) Chrome/142.0.0.0 Safari/537.36',NULL,NULL,'2025-11-11 01:43:08'),(320,'Administrador','APERTURA_CAJA','CAJA','Apertura de caja #11 - Saldo inicial: ₲ 50.000','::1','Mozilla/5.0 (Windows NT 10.0; Win64; x64) AppleWebKit/537.36 (KHTML, like Gecko) Chrome/142.0.0.0 Safari/537.36',NULL,'{\"id_cierre\":\"11\",\"saldo_inicial\":50000,\"fecha_apertura\":\"2025-11-10 19:43:00\",\"observaciones\":null}','2025-11-11 01:43:12'),(321,'Administrador','ACCESO','DASHBOARD','Acceso al panel principal','::1','Mozilla/5.0 (Windows NT 10.0; Win64; x64) AppleWebKit/537.36 (KHTML, like Gecko) Chrome/142.0.0.0 Safari/537.36',NULL,NULL,'2025-11-11 01:43:13'),(322,'Administrador','LOGOUT','SISTEMA','Cierre de sesión','::1',NULL,NULL,NULL,'2025-11-11 01:43:17'),(323,'KEVIN CABALLERO','LOGIN','SISTEMA','Inicio de sesión exitoso','::1',NULL,NULL,NULL,'2025-11-11 01:43:26'),(324,'KEVIN CABALLERO','ACCESO','DASHBOARD','Acceso al panel principal','::1','Mozilla/5.0 (Windows NT 10.0; Win64; x64) AppleWebKit/537.36 (KHTML, like Gecko) Chrome/142.0.0.0 Safari/537.36',NULL,NULL,'2025-11-11 01:43:26'),(325,'KEVIN CABALLERO','ACCESO','CAJA','Acceso a apertura de caja','::1','Mozilla/5.0 (Windows NT 10.0; Win64; x64) AppleWebKit/537.36 (KHTML, like Gecko) Chrome/142.0.0.0 Safari/537.36',NULL,NULL,'2025-11-11 01:43:29'),(326,'KEVIN CABALLERO','ACCESO','CAJA','Acceso a cierre de caja','::1','Mozilla/5.0 (Windows NT 10.0; Win64; x64) AppleWebKit/537.36 (KHTML, like Gecko) Chrome/142.0.0.0 Safari/537.36',NULL,NULL,'2025-11-11 01:43:38'),(327,'KEVIN CABALLERO','CIERRE_CAJA','CAJA','Cierre de caja #11 - Diferencia: ₲ 0','::1','Mozilla/5.0 (Windows NT 10.0; Win64; x64) AppleWebKit/537.36 (KHTML, like Gecko) Chrome/142.0.0.0 Safari/537.36','{\"saldo_inicial\":50000,\"estado_anterior\":\"ABIERTA\"}','{\"id_cierre\":11,\"saldo_sistema\":50000,\"saldo_fisico\":50000,\"diferencia\":0,\"total_ingresos\":0,\"total_egresos\":0,\"estado_nuevo\":\"CERRADA\"}','2025-11-11 01:43:44'),(328,'KEVIN CABALLERO','ACCESO','DASHBOARD','Acceso al panel principal','::1','Mozilla/5.0 (Windows NT 10.0; Win64; x64) AppleWebKit/537.36 (KHTML, like Gecko) Chrome/142.0.0.0 Safari/537.36',NULL,NULL,'2025-11-11 01:43:51'),(329,'KEVIN CABALLERO','ACCESO','AUDITORIA','Acceso al log de actividades','::1','Mozilla/5.0 (Windows NT 10.0; Win64; x64) AppleWebKit/537.36 (KHTML, like Gecko) Chrome/142.0.0.0 Safari/537.36',NULL,NULL,'2025-11-11 01:43:56'),(330,'KEVIN CABALLERO','ACCESO','CAJA','Acceso a apertura de caja','::1','Mozilla/5.0 (Windows NT 10.0; Win64; x64) AppleWebKit/537.36 (KHTML, like Gecko) Chrome/142.0.0.0 Safari/537.36',NULL,NULL,'2025-11-11 01:44:43'),(331,'KEVIN CABALLERO','APERTURA_CAJA','CAJA','Apertura de caja #12 - Saldo inicial: ₲ 0','::1','Mozilla/5.0 (Windows NT 10.0; Win64; x64) AppleWebKit/537.36 (KHTML, like Gecko) Chrome/142.0.0.0 Safari/537.36',NULL,'{\"id_cierre\":\"12\",\"saldo_inicial\":0,\"fecha_apertura\":\"2025-11-10 19:44:00\",\"observaciones\":null}','2025-11-11 01:44:47'),(332,'KEVIN CABALLERO','ACCESO','DASHBOARD','Acceso al panel principal','::1','Mozilla/5.0 (Windows NT 10.0; Win64; x64) AppleWebKit/537.36 (KHTML, like Gecko) Chrome/142.0.0.0 Safari/537.36',NULL,NULL,'2025-11-11 01:44:51'),(333,'KEVIN CABALLERO','LOGOUT','SISTEMA','Cierre de sesión','::1',NULL,NULL,NULL,'2025-11-11 01:44:54'),(334,'KEVIN CABALLERO','LOGIN','SISTEMA','Inicio de sesión exitoso','::1',NULL,NULL,NULL,'2025-11-11 01:45:01'),(335,'KEVIN CABALLERO','ACCESO','DASHBOARD','Acceso al panel principal','::1','Mozilla/5.0 (Windows NT 10.0; Win64; x64) AppleWebKit/537.36 (KHTML, like Gecko) Chrome/142.0.0.0 Safari/537.36',NULL,NULL,'2025-11-11 01:45:01'),(336,'KEVIN CABALLERO','ACCESO','CAJA','Acceso a cierre de caja','::1','Mozilla/5.0 (Windows NT 10.0; Win64; x64) AppleWebKit/537.36 (KHTML, like Gecko) Chrome/142.0.0.0 Safari/537.36',NULL,NULL,'2025-11-11 01:45:04'),(337,'KEVIN CABALLERO','CIERRE_CAJA','CAJA','Cierre de caja #12 - Diferencia: ₲ 0','::1','Mozilla/5.0 (Windows NT 10.0; Win64; x64) AppleWebKit/537.36 (KHTML, like Gecko) Chrome/142.0.0.0 Safari/537.36','{\"saldo_inicial\":0,\"estado_anterior\":\"ABIERTA\"}','{\"id_cierre\":12,\"saldo_sistema\":0,\"saldo_fisico\":0,\"diferencia\":0,\"total_ingresos\":0,\"total_egresos\":0,\"estado_nuevo\":\"CERRADA\"}','2025-11-11 01:45:09'),(338,'KEVIN CABALLERO','ACCESO','DASHBOARD','Acceso al panel principal','::1','Mozilla/5.0 (Windows NT 10.0; Win64; x64) AppleWebKit/537.36 (KHTML, like Gecko) Chrome/142.0.0.0 Safari/537.36',NULL,NULL,'2025-11-11 01:45:10'),(339,'KEVIN CABALLERO','ACCESO','CAJA','Acceso a apertura de caja','::1','Mozilla/5.0 (Windows NT 10.0; Win64; x64) AppleWebKit/537.36 (KHTML, like Gecko) Chrome/142.0.0.0 Safari/537.36',NULL,NULL,'2025-11-11 01:45:11'),(340,'KEVIN CABALLERO','APERTURA_CAJA','CAJA','Apertura de caja #13 - Saldo inicial: ₲ 1.000.000','::1','Mozilla/5.0 (Windows NT 10.0; Win64; x64) AppleWebKit/537.36 (KHTML, like Gecko) Chrome/142.0.0.0 Safari/537.36',NULL,'{\"id_cierre\":\"13\",\"saldo_inicial\":1000000,\"fecha_apertura\":\"2025-11-10 19:45:00\",\"observaciones\":null}','2025-11-11 01:45:17'),(341,'KEVIN CABALLERO','ACCESO','DASHBOARD','Acceso al panel principal','::1','Mozilla/5.0 (Windows NT 10.0; Win64; x64) AppleWebKit/537.36 (KHTML, like Gecko) Chrome/142.0.0.0 Safari/537.36',NULL,NULL,'2025-11-11 01:45:19'),(342,'KEVIN CABALLERO','ACCESO','CAJA','Acceso a registro de movimiento manual','::1','Mozilla/5.0 (Windows NT 10.0; Win64; x64) AppleWebKit/537.36 (KHTML, like Gecko) Chrome/142.0.0.0 Safari/537.36',NULL,NULL,'2025-11-11 01:45:22'),(343,'KEVIN CABALLERO','CREAR','CAJA','Movimiento de caja registrado: INGRESO - Venta de articulo usado (ID: 54)','::1','Mozilla/5.0 (Windows NT 10.0; Win64; x64) AppleWebKit/537.36 (KHTML, like Gecko) Chrome/142.0.0.0 Safari/537.36',NULL,'{\"id_movimiento\":\"54\",\"tipo\":\"INGRESO\",\"categoria\":\"OTRO\",\"concepto\":\"Venta de articulo usado\",\"monto\":100000,\"fecha\":\"2025-11-10 19:45:00\"}','2025-11-11 01:45:59'),(344,'KEVIN CABALLERO','ACCESO','CAJA','Acceso a registro de movimiento manual','::1','Mozilla/5.0 (Windows NT 10.0; Win64; x64) AppleWebKit/537.36 (KHTML, like Gecko) Chrome/142.0.0.0 Safari/537.36',NULL,NULL,'2025-11-11 01:46:09'),(345,'KEVIN CABALLERO','CREAR','CAJA','Movimiento de caja registrado: EGRESO - Pago de Luz (ID: 55)','::1','Mozilla/5.0 (Windows NT 10.0; Win64; x64) AppleWebKit/537.36 (KHTML, like Gecko) Chrome/142.0.0.0 Safari/537.36',NULL,'{\"id_movimiento\":\"55\",\"tipo\":\"EGRESO\",\"categoria\":\"OTRO\",\"concepto\":\"Pago de Luz\",\"monto\":98000,\"fecha\":\"2025-11-10 19:46:00\"}','2025-11-11 01:46:20'),(346,'KEVIN CABALLERO','ACCESO','AUDITORIA','Acceso al log de actividades','::1','Mozilla/5.0 (Windows NT 10.0; Win64; x64) AppleWebKit/537.36 (KHTML, like Gecko) Chrome/142.0.0.0 Safari/537.36',NULL,NULL,'2025-11-11 01:46:41'),(347,'KEVIN CABALLERO','ACCESO','CAJA','Acceso a cierre de caja','::1','Mozilla/5.0 (Windows NT 10.0; Win64; x64) AppleWebKit/537.36 (KHTML, like Gecko) Chrome/142.0.0.0 Safari/537.36',NULL,NULL,'2025-11-11 01:47:12'),(348,'KEVIN CABALLERO','ACCESO','CAJA','Acceso a cierre de caja','::1','Mozilla/5.0 (Windows NT 10.0; Win64; x64) AppleWebKit/537.36 (KHTML, like Gecko) Chrome/142.0.0.0 Safari/537.36',NULL,NULL,'2025-11-11 02:00:47'),(349,'KEVIN CABALLERO','CIERRE_CAJA','CAJA','Cierre de caja #13 - Diferencia: ₲ 0','::1','Mozilla/5.0 (Windows NT 10.0; Win64; x64) AppleWebKit/537.36 (KHTML, like Gecko) Chrome/142.0.0.0 Safari/537.36','{\"saldo_inicial\":1000000,\"estado_anterior\":\"ABIERTA\"}','{\"id_cierre\":13,\"saldo_sistema\":1002000,\"saldo_fisico\":1002000,\"diferencia\":0,\"total_ingresos\":100000,\"total_egresos\":98000,\"estado_nuevo\":\"CERRADA\"}','2025-11-11 02:12:43'),(350,'KEVIN CABALLERO','ACCESO','DASHBOARD','Acceso al panel principal','::1','Mozilla/5.0 (Windows NT 10.0; Win64; x64) AppleWebKit/537.36 (KHTML, like Gecko) Chrome/142.0.0.0 Safari/537.36',NULL,NULL,'2025-11-11 02:13:28'),(351,'KEVIN CABALLERO','ACCESO','CAJA','Acceso a cierre de caja','::1','Mozilla/5.0 (Windows NT 10.0; Win64; x64) AppleWebKit/537.36 (KHTML, like Gecko) Chrome/142.0.0.0 Safari/537.36',NULL,NULL,'2025-11-11 02:13:47'),(352,'KEVIN CABALLERO','ACCESO','AUDITORIA','Acceso al log de actividades','::1','Mozilla/5.0 (Windows NT 10.0; Win64; x64) AppleWebKit/537.36 (KHTML, like Gecko) Chrome/142.0.0.0 Safari/537.36',NULL,NULL,'2025-11-11 02:13:57'),(353,'KEVIN CABALLERO','ACCESO','CAJA','Acceso a apertura de caja','::1','Mozilla/5.0 (Windows NT 10.0; Win64; x64) AppleWebKit/537.36 (KHTML, like Gecko) Chrome/142.0.0.0 Safari/537.36',NULL,NULL,'2025-11-11 02:14:34'),(354,'KEVIN CABALLERO','APERTURA_CAJA','CAJA','Apertura de caja #14 - Saldo inicial: ₲ 0','::1','Mozilla/5.0 (Windows NT 10.0; Win64; x64) AppleWebKit/537.36 (KHTML, like Gecko) Chrome/142.0.0.0 Safari/537.36',NULL,'{\"id_cierre\":\"14\",\"saldo_inicial\":0,\"fecha_apertura\":\"2025-11-10 20:14:00\",\"observaciones\":null}','2025-11-11 02:14:38'),(355,'KEVIN CABALLERO','ACCESO','DASHBOARD','Acceso al panel principal','::1','Mozilla/5.0 (Windows NT 10.0; Win64; x64) AppleWebKit/537.36 (KHTML, like Gecko) Chrome/142.0.0.0 Safari/537.36',NULL,NULL,'2025-11-11 02:14:39'),(356,'KEVIN CABALLERO','ACCESO','CAJA','Acceso a cierre de caja','::1','Mozilla/5.0 (Windows NT 10.0; Win64; x64) AppleWebKit/537.36 (KHTML, like Gecko) Chrome/142.0.0.0 Safari/537.36',NULL,NULL,'2025-11-11 02:15:34'),(357,'KEVIN CABALLERO','CIERRE_CAJA','CAJA','Cierre de caja #14 - Diferencia: ₲ -2.000','::1','Mozilla/5.0 (Windows NT 10.0; Win64; x64) AppleWebKit/537.36 (KHTML, like Gecko) Chrome/142.0.0.0 Safari/537.36','{\"saldo_inicial\":0,\"estado_anterior\":\"ABIERTA\"}','{\"id_cierre\":14,\"saldo_sistema\":3002000,\"saldo_fisico\":3000000,\"diferencia\":-2000,\"total_ingresos\":3100000,\"total_egresos\":98000,\"estado_nuevo\":\"CERRADA\"}','2025-11-11 02:15:57'),(358,'KEVIN CABALLERO','ACCESO','DASHBOARD','Acceso al panel principal','::1','Mozilla/5.0 (Windows NT 10.0; Win64; x64) AppleWebKit/537.36 (KHTML, like Gecko) Chrome/142.0.0.0 Safari/537.36',NULL,NULL,'2025-11-11 02:15:59'),(359,'KEVIN CABALLERO','ACCESO','DASHBOARD','Acceso al panel principal','::1','Mozilla/5.0 (Windows NT 10.0; Win64; x64) AppleWebKit/537.36 (KHTML, like Gecko) Chrome/142.0.0.0 Safari/537.36',NULL,NULL,'2025-11-11 02:16:15'),(360,'KEVIN CABALLERO','ACCESO','DASHBOARD','Acceso al panel principal','::1','Mozilla/5.0 (Windows NT 10.0; Win64; x64) AppleWebKit/537.36 (KHTML, like Gecko) Chrome/142.0.0.0 Safari/537.36',NULL,NULL,'2025-11-11 02:16:56'),(361,'KEVIN CABALLERO','LOGIN','SISTEMA','Inicio de sesión exitoso','::1',NULL,NULL,NULL,'2025-11-11 19:50:01'),(362,'KEVIN CABALLERO','ACCESO','DASHBOARD','Acceso al panel principal','::1','Mozilla/5.0 (Windows NT 10.0; Win64; x64) AppleWebKit/537.36 (KHTML, like Gecko) Chrome/142.0.0.0 Safari/537.36',NULL,NULL,'2025-11-11 19:50:01'),(363,'KEVIN CABALLERO','ACCESO','DASHBOARD','Acceso al panel principal','::1','Mozilla/5.0 (Windows NT 10.0; Win64; x64) AppleWebKit/537.36 (KHTML, like Gecko) Chrome/142.0.0.0 Safari/537.36',NULL,NULL,'2025-11-11 19:54:05'),(364,'KEVIN CABALLERO','ACCESO','AUDITORIA','Acceso al log de actividades','::1','Mozilla/5.0 (Windows NT 10.0; Win64; x64) AppleWebKit/537.36 (KHTML, like Gecko) Chrome/142.0.0.0 Safari/537.36',NULL,NULL,'2025-11-11 19:55:41'),(365,'KEVIN CABALLERO','ACCESO','CAJA','Acceso a apertura de caja','::1','Mozilla/5.0 (Windows NT 10.0; Win64; x64) AppleWebKit/537.36 (KHTML, like Gecko) Chrome/142.0.0.0 Safari/537.36',NULL,NULL,'2025-11-11 19:55:58'),(366,'KEVIN CABALLERO','ACCESO','DASHBOARD','Acceso al panel principal','::1','Mozilla/5.0 (Windows NT 10.0; Win64; x64) AppleWebKit/537.36 (KHTML, like Gecko) Chrome/142.0.0.0 Safari/537.36',NULL,NULL,'2025-11-11 19:56:01'),(367,'KEVIN CABALLERO','ACCESO','DASHBOARD','Acceso al panel principal','::1','Mozilla/5.0 (Windows NT 10.0; Win64; x64) AppleWebKit/537.36 (KHTML, like Gecko) Chrome/142.0.0.0 Safari/537.36',NULL,NULL,'2025-11-11 19:57:06'),(368,'KEVIN CABALLERO','ACCESO','AUDITORIA','Acceso al log de actividades','::1','Mozilla/5.0 (Windows NT 10.0; Win64; x64) AppleWebKit/537.36 (KHTML, like Gecko) Chrome/142.0.0.0 Safari/537.36',NULL,NULL,'2025-11-11 20:03:19'),(369,'KEVIN CABALLERO','LOGIN','SISTEMA','Inicio de sesión exitoso','::1',NULL,NULL,NULL,'2025-11-11 20:14:19'),(370,'KEVIN CABALLERO','ACCESO','DASHBOARD','Acceso al panel principal','::1','Mozilla/5.0 (Windows NT 10.0; Win64; x64) AppleWebKit/537.36 (KHTML, like Gecko) Chrome/142.0.0.0 Safari/537.36',NULL,NULL,'2025-11-11 20:14:19'),(371,'KEVIN CABALLERO','ACCESO','CAJA','Acceso a apertura de caja','::1','Mozilla/5.0 (Windows NT 10.0; Win64; x64) AppleWebKit/537.36 (KHTML, like Gecko) Chrome/142.0.0.0 Safari/537.36',NULL,NULL,'2025-11-11 20:22:33'),(372,'KEVIN CABALLERO','APERTURA_CAJA','CAJA','Apertura de caja #15 - Saldo inicial: ₲ 0','::1','Mozilla/5.0 (Windows NT 10.0; Win64; x64) AppleWebKit/537.36 (KHTML, like Gecko) Chrome/142.0.0.0 Safari/537.36',NULL,'{\"id_cierre\":\"15\",\"saldo_inicial\":0,\"fecha_apertura\":\"2025-11-11 14:22:00\",\"observaciones\":null}','2025-11-11 20:22:40'),(373,'KEVIN CABALLERO','ACCESO','DASHBOARD','Acceso al panel principal','::1','Mozilla/5.0 (Windows NT 10.0; Win64; x64) AppleWebKit/537.36 (KHTML, like Gecko) Chrome/142.0.0.0 Safari/537.36',NULL,NULL,'2025-11-11 20:22:42'),(374,'KEVIN CABALLERO','ACCESO','VENTAS','Acceso a gestión de cuotas','::1','Mozilla/5.0 (Windows NT 10.0; Win64; x64) AppleWebKit/537.36 (KHTML, like Gecko) Chrome/142.0.0.0 Safari/537.36',NULL,NULL,'2025-11-11 20:22:47'),(375,'Administrador','LOGIN','SISTEMA','Inicio de sesión exitoso','::1',NULL,NULL,NULL,'2025-11-13 00:55:14'),(376,'Administrador','ACCESO','DASHBOARD','Acceso al panel principal','::1','Mozilla/5.0 (Windows NT 10.0; Win64; x64) AppleWebKit/537.36 (KHTML, like Gecko) Chrome/142.0.0.0 Safari/537.36',NULL,NULL,'2025-11-13 00:55:14'),(377,'Administrador','ACCESO','CAJA','Acceso a cierre de caja','::1','Mozilla/5.0 (Windows NT 10.0; Win64; x64) AppleWebKit/537.36 (KHTML, like Gecko) Chrome/142.0.0.0 Safari/537.36',NULL,NULL,'2025-11-13 00:55:23'),(378,'Administrador','CIERRE_CAJA','CAJA','Cierre de caja #15 - Diferencia: ₲ 0','::1','Mozilla/5.0 (Windows NT 10.0; Win64; x64) AppleWebKit/537.36 (KHTML, like Gecko) Chrome/142.0.0.0 Safari/537.36','{\"saldo_inicial\":0,\"estado_anterior\":\"ABIERTA\"}','{\"id_cierre\":15,\"saldo_sistema\":0,\"saldo_fisico\":0,\"diferencia\":0,\"total_ingresos\":0,\"total_egresos\":0,\"estado_nuevo\":\"CERRADA\"}','2025-11-13 00:55:27'),(379,'Administrador','ACCESO','DASHBOARD','Acceso al panel principal','::1','Mozilla/5.0 (Windows NT 10.0; Win64; x64) AppleWebKit/537.36 (KHTML, like Gecko) Chrome/142.0.0.0 Safari/537.36',NULL,NULL,'2025-11-13 00:55:28'),(380,'Administrador','ACCESO','PRODUCTOS','Acceso al listado de productos','::1','Mozilla/5.0 (Windows NT 10.0; Win64; x64) AppleWebKit/537.36 (KHTML, like Gecko) Chrome/142.0.0.0 Safari/537.36',NULL,NULL,'2025-11-13 00:55:47'),(381,'Administrador','ACCESO','DASHBOARD','Acceso al panel principal','::1','Mozilla/5.0 (Windows NT 10.0; Win64; x64) AppleWebKit/537.36 (KHTML, like Gecko) Chrome/142.0.0.0 Safari/537.36',NULL,NULL,'2025-11-13 00:56:15'),(382,'Administrador','ACCESO','PRODUCTOS','Acceso al listado de productos','::1','Mozilla/5.0 (Windows NT 10.0; Win64; x64) AppleWebKit/537.36 (KHTML, like Gecko) Chrome/142.0.0.0 Safari/537.36',NULL,NULL,'2025-11-13 00:56:38'),(383,'Administrador','ACCESO','PRODUCTOS','Acceso al listado de productos','::1','Mozilla/5.0 (Windows NT 10.0; Win64; x64) AppleWebKit/537.36 (KHTML, like Gecko) Chrome/142.0.0.0 Safari/537.36',NULL,NULL,'2025-11-13 01:06:39'),(384,'Administrador','ACCESO','PRODUCTOS','Acceso al listado de productos','::1','Mozilla/5.0 (Windows NT 10.0; Win64; x64) AppleWebKit/537.36 (KHTML, like Gecko) Chrome/142.0.0.0 Safari/537.36',NULL,NULL,'2025-11-13 01:13:29'),(385,'Administrador','ACCESO','PRODUCTOS','Acceso al listado de productos','::1','Mozilla/5.0 (Windows NT 10.0; Win64; x64) AppleWebKit/537.36 (KHTML, like Gecko) Chrome/142.0.0.0 Safari/537.36',NULL,NULL,'2025-11-13 01:13:45'),(386,'Administrador','ACCESO','PRODUCTOS','Acceso al listado de productos','::1','Mozilla/5.0 (Windows NT 10.0; Win64; x64) AppleWebKit/537.36 (KHTML, like Gecko) Chrome/142.0.0.0 Safari/537.36',NULL,NULL,'2025-11-13 01:15:04'),(387,'Administrador','ACCESO','PRODUCTOS','Acceso al listado de productos','::1','Mozilla/5.0 (Windows NT 10.0; Win64; x64) AppleWebKit/537.36 (KHTML, like Gecko) Chrome/142.0.0.0 Safari/537.36',NULL,NULL,'2025-11-13 01:16:58'),(388,'Administrador','ACCESO','PRODUCTOS','Acceso al listado de productos','::1','Mozilla/5.0 (Windows NT 10.0; Win64; x64) AppleWebKit/537.36 (KHTML, like Gecko) Chrome/142.0.0.0 Safari/537.36',NULL,NULL,'2025-11-13 01:17:24'),(389,'Administrador','ACCESO','PRODUCTOS','Acceso al listado de productos','::1','Mozilla/5.0 (Windows NT 10.0; Win64; x64) AppleWebKit/537.36 (KHTML, like Gecko) Chrome/142.0.0.0 Safari/537.36',NULL,NULL,'2025-11-13 01:17:40'),(390,'Administrador','ACCESO','PRODUCTOS','Acceso al listado de productos','::1','Mozilla/5.0 (Windows NT 10.0; Win64; x64) AppleWebKit/537.36 (KHTML, like Gecko) Chrome/142.0.0.0 Safari/537.36',NULL,NULL,'2025-11-13 01:17:42'),(391,'Administrador','ACCESO','PRODUCTOS','Acceso al listado de productos','::1','Mozilla/5.0 (Windows NT 10.0; Win64; x64) AppleWebKit/537.36 (KHTML, like Gecko) Chrome/142.0.0.0 Safari/537.36',NULL,NULL,'2025-11-13 01:17:44'),(392,'Administrador','ACCESO','PRODUCTOS','Acceso al listado de productos','::1','Mozilla/5.0 (Windows NT 10.0; Win64; x64) AppleWebKit/537.36 (KHTML, like Gecko) Chrome/142.0.0.0 Safari/537.36',NULL,NULL,'2025-11-13 01:17:44'),(393,'Administrador','ACCESO','PRODUCTOS','Acceso al listado de productos','::1','Mozilla/5.0 (Windows NT 10.0; Win64; x64) AppleWebKit/537.36 (KHTML, like Gecko) Chrome/142.0.0.0 Safari/537.36',NULL,NULL,'2025-11-13 01:17:47'),(394,'Administrador','ACCESO','PRODUCTOS','Acceso al listado de productos','::1','Mozilla/5.0 (Windows NT 10.0; Win64; x64) AppleWebKit/537.36 (KHTML, like Gecko) Chrome/142.0.0.0 Safari/537.36',NULL,NULL,'2025-11-13 01:17:48'),(395,'Administrador','ACCESO','PRODUCTOS','Acceso al listado de productos','::1','Mozilla/5.0 (Windows NT 10.0; Win64; x64) AppleWebKit/537.36 (KHTML, like Gecko) Chrome/142.0.0.0 Safari/537.36',NULL,NULL,'2025-11-13 01:17:50'),(396,'Administrador','ACCESO','PRODUCTOS','Acceso al listado de productos','::1','Mozilla/5.0 (Windows NT 10.0; Win64; x64) AppleWebKit/537.36 (KHTML, like Gecko) Chrome/142.0.0.0 Safari/537.36',NULL,NULL,'2025-11-13 01:18:57'),(397,'Administrador','ACCESO','PRODUCTOS','Acceso al listado de productos','::1','Mozilla/5.0 (Windows NT 10.0; Win64; x64) AppleWebKit/537.36 (KHTML, like Gecko) Chrome/142.0.0.0 Safari/537.36',NULL,NULL,'2025-11-13 01:18:59'),(398,'Administrador','ACCESO','PRODUCTOS','Acceso al listado de productos','::1','Mozilla/5.0 (Windows NT 10.0; Win64; x64) AppleWebKit/537.36 (KHTML, like Gecko) Chrome/142.0.0.0 Safari/537.36',NULL,NULL,'2025-11-13 01:19:01'),(399,'Administrador','ACCESO','DASHBOARD','Acceso al panel principal','::1','Mozilla/5.0 (Windows NT 10.0; Win64; x64) AppleWebKit/537.36 (KHTML, like Gecko) Chrome/142.0.0.0 Safari/537.36',NULL,NULL,'2025-11-13 01:19:03'),(400,'Administrador','ACCESO','DASHBOARD','Acceso al panel principal','::1','Mozilla/5.0 (Windows NT 10.0; Win64; x64) AppleWebKit/537.36 (KHTML, like Gecko) Chrome/142.0.0.0 Safari/537.36',NULL,NULL,'2025-11-13 01:20:55'),(401,'Administrador','ACCESO','DASHBOARD','Acceso al panel principal','::1','Mozilla/5.0 (Windows NT 10.0; Win64; x64) AppleWebKit/537.36 (KHTML, like Gecko) Chrome/142.0.0.0 Safari/537.36',NULL,NULL,'2025-11-13 01:21:51'),(402,'Administrador','ACCESO','DASHBOARD','Acceso al panel principal','::1','Mozilla/5.0 (Windows NT 10.0; Win64; x64) AppleWebKit/537.36 (KHTML, like Gecko) Chrome/142.0.0.0 Safari/537.36',NULL,NULL,'2025-11-13 01:35:09'),(403,'Administrador','ACCESO','DASHBOARD','Acceso al panel principal','::1','Mozilla/5.0 (Windows NT 10.0; Win64; x64) AppleWebKit/537.36 (KHTML, like Gecko) Chrome/142.0.0.0 Safari/537.36',NULL,NULL,'2025-11-13 01:35:21'),(404,'Administrador','ACCESO','DASHBOARD','Acceso al panel principal','::1','Mozilla/5.0 (Windows NT 10.0; Win64; x64) AppleWebKit/537.36 (KHTML, like Gecko) Chrome/142.0.0.0 Safari/537.36',NULL,NULL,'2025-11-13 01:35:43'),(405,'Administrador','ACCESO','DASHBOARD','Acceso al panel principal','::1','Mozilla/5.0 (Windows NT 10.0; Win64; x64) AppleWebKit/537.36 (KHTML, like Gecko) Chrome/142.0.0.0 Safari/537.36',NULL,NULL,'2025-11-13 01:35:56'),(406,'Administrador','ACCESO','DASHBOARD','Acceso al panel principal','::1','Mozilla/5.0 (Windows NT 10.0; Win64; x64) AppleWebKit/537.36 (KHTML, like Gecko) Chrome/142.0.0.0 Safari/537.36',NULL,NULL,'2025-11-13 01:36:58'),(407,'Administrador','ACCESO','DASHBOARD','Acceso al panel principal','::1','Mozilla/5.0 (Windows NT 10.0; Win64; x64) AppleWebKit/537.36 (KHTML, like Gecko) Chrome/142.0.0.0 Safari/537.36',NULL,NULL,'2025-11-13 01:37:19'),(408,'Administrador','ACCESO','DASHBOARD','Acceso al panel principal','::1','Mozilla/5.0 (Windows NT 10.0; Win64; x64) AppleWebKit/537.36 (KHTML, like Gecko) Chrome/142.0.0.0 Safari/537.36',NULL,NULL,'2025-11-13 01:37:22'),(409,'Administrador','ACCESO','DASHBOARD','Acceso al panel principal','::1','Mozilla/5.0 (Windows NT 10.0; Win64; x64) AppleWebKit/537.36 (KHTML, like Gecko) Chrome/142.0.0.0 Safari/537.36',NULL,NULL,'2025-11-13 01:37:39'),(410,'Administrador','ACCESO','DASHBOARD','Acceso al panel principal','::1','Mozilla/5.0 (Windows NT 10.0; Win64; x64) AppleWebKit/537.36 (KHTML, like Gecko) Chrome/142.0.0.0 Safari/537.36',NULL,NULL,'2025-11-13 01:37:41'),(411,'Administrador','ACCESO','DASHBOARD','Acceso al panel principal','::1','Mozilla/5.0 (Windows NT 10.0; Win64; x64) AppleWebKit/537.36 (KHTML, like Gecko) Chrome/142.0.0.0 Safari/537.36',NULL,NULL,'2025-11-13 01:37:44'),(412,'Administrador','ACCESO','DASHBOARD','Acceso al panel principal','::1','Mozilla/5.0 (Windows NT 10.0; Win64; x64) AppleWebKit/537.36 (KHTML, like Gecko) Chrome/142.0.0.0 Safari/537.36',NULL,NULL,'2025-11-13 01:37:46'),(413,'Administrador','ACCESO','DASHBOARD','Acceso al panel principal','::1','Mozilla/5.0 (Windows NT 10.0; Win64; x64) AppleWebKit/537.36 (KHTML, like Gecko) Chrome/142.0.0.0 Safari/537.36',NULL,NULL,'2025-11-13 01:39:18'),(414,'Administrador','ACCESO','DASHBOARD','Acceso al panel principal','::1','Mozilla/5.0 (Windows NT 10.0; Win64; x64) AppleWebKit/537.36 (KHTML, like Gecko) Chrome/142.0.0.0 Safari/537.36',NULL,NULL,'2025-11-13 01:40:24'),(415,'Administrador','ACCESO','DASHBOARD','Acceso al panel principal','::1','Mozilla/5.0 (Windows NT 10.0; Win64; x64) AppleWebKit/537.36 (KHTML, like Gecko) Chrome/142.0.0.0 Safari/537.36',NULL,NULL,'2025-11-13 01:40:28'),(416,'Administrador','ACCESO','DASHBOARD','Acceso al panel principal','::1','Mozilla/5.0 (Windows NT 10.0; Win64; x64) AppleWebKit/537.36 (KHTML, like Gecko) Chrome/142.0.0.0 Safari/537.36',NULL,NULL,'2025-11-13 01:40:38'),(417,'Administrador','ACCESO','DASHBOARD','Acceso al panel principal','::1','Mozilla/5.0 (Windows NT 10.0; Win64; x64) AppleWebKit/537.36 (KHTML, like Gecko) Chrome/142.0.0.0 Safari/537.36',NULL,NULL,'2025-11-13 01:40:47'),(418,'Administrador','ACCESO','DASHBOARD','Acceso al panel principal','::1','Mozilla/5.0 (Windows NT 10.0; Win64; x64) AppleWebKit/537.36 (KHTML, like Gecko) Chrome/142.0.0.0 Safari/537.36',NULL,NULL,'2025-11-13 01:41:43'),(419,'Administrador','ACCESO','PRODUCTOS','Acceso al listado de productos','::1','Mozilla/5.0 (Windows NT 10.0; Win64; x64) AppleWebKit/537.36 (KHTML, like Gecko) Chrome/142.0.0.0 Safari/537.36',NULL,NULL,'2025-11-13 01:42:14'),(420,'Administrador','ACCESO','PRODUCTOS','Acceso al listado de productos','::1','Mozilla/5.0 (Windows NT 10.0; Win64; x64) AppleWebKit/537.36 (KHTML, like Gecko) Chrome/142.0.0.0 Safari/537.36',NULL,NULL,'2025-11-13 01:44:44'),(421,'Administrador','ACCESO','PRODUCTOS','Acceso al listado de productos','::1','Mozilla/5.0 (Windows NT 10.0; Win64; x64) AppleWebKit/537.36 (KHTML, like Gecko) Chrome/142.0.0.0 Safari/537.36',NULL,NULL,'2025-11-13 01:44:50'),(422,'Administrador','ACCESO','PRODUCTOS','Acceso al listado de productos','::1','Mozilla/5.0 (Windows NT 10.0; Win64; x64) AppleWebKit/537.36 (KHTML, like Gecko) Chrome/142.0.0.0 Safari/537.36',NULL,NULL,'2025-11-13 01:46:34'),(423,'Administrador','LOGIN','SISTEMA','Inicio de sesión exitoso','::1',NULL,NULL,NULL,'2025-11-13 20:20:41'),(424,'Administrador','ACCESO','DASHBOARD','Acceso al panel principal','::1','Mozilla/5.0 (Windows NT 10.0; Win64; x64) AppleWebKit/537.36 (KHTML, like Gecko) Chrome/142.0.0.0 Safari/537.36',NULL,NULL,'2025-11-13 20:20:41'),(425,'Administrador','ACCESO','CAJA','Acceso a apertura de caja','::1','Mozilla/5.0 (Windows NT 10.0; Win64; x64) AppleWebKit/537.36 (KHTML, like Gecko) Chrome/142.0.0.0 Safari/537.36',NULL,NULL,'2025-11-13 20:20:45'),(426,'Administrador','APERTURA_CAJA','CAJA','Apertura de caja #16 - Saldo inicial: ₲ 0','::1','Mozilla/5.0 (Windows NT 10.0; Win64; x64) AppleWebKit/537.36 (KHTML, like Gecko) Chrome/142.0.0.0 Safari/537.36',NULL,'{\"id_cierre\":\"16\",\"saldo_inicial\":0,\"fecha_apertura\":\"2025-11-13 14:20:00\",\"observaciones\":null}','2025-11-13 20:20:48'),(427,'Administrador','ACCESO','VENTAS','Acceso a gestión de cuotas','::1','Mozilla/5.0 (Windows NT 10.0; Win64; x64) AppleWebKit/537.36 (KHTML, like Gecko) Chrome/142.0.0.0 Safari/537.36',NULL,NULL,'2025-11-13 20:20:51'),(428,'Administrador','ACCESO','VENTAS','Acceso a gestión de cuotas','::1','Mozilla/5.0 (Windows NT 10.0; Win64; x64) AppleWebKit/537.36 (KHTML, like Gecko) Chrome/142.0.0.0 Safari/537.36',NULL,NULL,'2025-11-13 20:20:59'),(429,'Administrador','ACCESO','VENTAS','Acceso a gestión de cuotas','::1','Mozilla/5.0 (Windows NT 10.0; Win64; x64) AppleWebKit/537.36 (KHTML, like Gecko) Chrome/142.0.0.0 Safari/537.36',NULL,NULL,'2025-11-13 20:21:13'),(430,'Administrador','ACCESO','VENTAS','Acceso a gestión de cuotas','::1','Mozilla/5.0 (Windows NT 10.0; Win64; x64) AppleWebKit/537.36 (KHTML, like Gecko) Chrome/142.0.0.0 Safari/537.36',NULL,NULL,'2025-11-13 20:21:19'),(431,'Administrador','ACCESO','VENTAS','Acceso a gestión de cuotas','::1','Mozilla/5.0 (Windows NT 10.0; Win64; x64) AppleWebKit/537.36 (KHTML, like Gecko) Chrome/142.0.0.0 Safari/537.36',NULL,NULL,'2025-11-13 20:21:24'),(432,'Administrador','ACCESO','VENTAS','Acceso a gestión de cuotas','::1','Mozilla/5.0 (Windows NT 10.0; Win64; x64) AppleWebKit/537.36 (KHTML, like Gecko) Chrome/142.0.0.0 Safari/537.36',NULL,NULL,'2025-11-13 20:21:27'),(433,'Administrador','ACCESO','VENTAS','Acceso a gestión de cuotas','::1','Mozilla/5.0 (Windows NT 10.0; Win64; x64) AppleWebKit/537.36 (KHTML, like Gecko) Chrome/142.0.0.0 Safari/537.36',NULL,NULL,'2025-11-13 20:21:55'),(434,'Administrador','ACCESO','VENTAS','Acceso a gestión de cuotas','::1','Mozilla/5.0 (Windows NT 10.0; Win64; x64) AppleWebKit/537.36 (KHTML, like Gecko) Chrome/142.0.0.0 Safari/537.36',NULL,NULL,'2025-11-13 20:24:12'),(435,'Administrador','ACCESO','VENTAS','Acceso a gestión de cuotas','::1','Mozilla/5.0 (Windows NT 10.0; Win64; x64) AppleWebKit/537.36 (KHTML, like Gecko) Chrome/142.0.0.0 Safari/537.36',NULL,NULL,'2025-11-13 20:25:07'),(436,'Administrador','ACCESO','VENTAS','Acceso a gestión de cuotas','::1','Mozilla/5.0 (Windows NT 10.0; Win64; x64) AppleWebKit/537.36 (KHTML, like Gecko) Chrome/142.0.0.0 Safari/537.36',NULL,NULL,'2025-11-13 20:25:10'),(437,'Administrador','ACCESO','VENTAS','Acceso a gestión de cuotas','::1','Mozilla/5.0 (Windows NT 10.0; Win64; x64) AppleWebKit/537.36 (KHTML, like Gecko) Chrome/142.0.0.0 Safari/537.36',NULL,NULL,'2025-11-13 20:26:08'),(438,'Administrador','LOGIN','SISTEMA','Inicio de sesión exitoso','::1',NULL,NULL,NULL,'2025-11-14 00:53:03'),(439,'Administrador','ACCESO','VENTAS','Acceso a gestión de cuotas','::1','Mozilla/5.0 (Windows NT 10.0; Win64; x64) AppleWebKit/537.36 (KHTML, like Gecko) Chrome/142.0.0.0 Safari/537.36',NULL,NULL,'2025-11-14 00:53:03'),(440,'Administrador','COBRO_CUOTA','VENTAS','Cuota cobrada: Venta #7, Cuota #3, Cliente: KEVIN SEBASTIAN CABALLERO GODOY','::1','Mozilla/5.0 (Windows NT 10.0; Win64; x64) AppleWebKit/537.36 (KHTML, like Gecko) Chrome/142.0.0.0 Safari/537.36',NULL,'{\"id_cuota\":8,\"id_venta\":7,\"numero_cuota\":3,\"monto\":\"62172.92\",\"fecha_pago\":\"2025-11-14\",\"todas_cuotas_pagadas\":false}','2025-11-14 00:54:04'),(441,'Administrador','ACCESO','VENTAS','Acceso a gestión de cuotas','::1','Mozilla/5.0 (Windows NT 10.0; Win64; x64) AppleWebKit/537.36 (KHTML, like Gecko) Chrome/142.0.0.0 Safari/537.36',NULL,NULL,'2025-11-14 01:13:41'),(442,'Administrador','ACCESO','VENTAS','Acceso a gestión de cuotas','::1','Mozilla/5.0 (Windows NT 10.0; Win64; x64) AppleWebKit/537.36 (KHTML, like Gecko) Chrome/142.0.0.0 Safari/537.36',NULL,NULL,'2025-11-14 01:13:58'),(443,'Administrador','ACCESO','VENTAS','Acceso a gestión de cuotas','::1','Mozilla/5.0 (Windows NT 10.0; Win64; x64) AppleWebKit/537.36 (KHTML, like Gecko) Chrome/142.0.0.0 Safari/537.36',NULL,NULL,'2025-11-14 01:14:05'),(444,'Administrador','COBRO_CUOTA','VENTAS','Cuota cobrada: Venta #23, Cuota #1, Cliente: LUNA YOMAIRA CABALLERO GODOY','::1','Mozilla/5.0 (Windows NT 10.0; Win64; x64) AppleWebKit/537.36 (KHTML, like Gecko) Chrome/142.0.0.0 Safari/537.36',NULL,'{\"id_cuota\":31,\"id_venta\":23,\"numero_cuota\":1,\"monto\":\"25000.00\",\"fecha_pago\":\"2025-11-14\",\"todas_cuotas_pagadas\":false}','2025-11-14 01:17:39'),(445,'Administrador','ACCESO','VENTAS','Acceso a gestión de cuotas','::1','Mozilla/5.0 (Windows NT 10.0; Win64; x64) AppleWebKit/537.36 (KHTML, like Gecko) Chrome/142.0.0.0 Safari/537.36',NULL,NULL,'2025-11-14 01:17:52'),(446,'Administrador','COBRO_CUOTA','VENTAS','Cuota cobrada: Venta #23, Cuota #2, Cliente: LUNA YOMAIRA CABALLERO GODOY - DEUDA CANCELADA (todas las cuotas pagadas)','::1','Mozilla/5.0 (Windows NT 10.0; Win64; x64) AppleWebKit/537.36 (KHTML, like Gecko) Chrome/142.0.0.0 Safari/537.36',NULL,'{\"id_cuota\":32,\"id_venta\":23,\"numero_cuota\":2,\"monto\":\"25000.00\",\"fecha_pago\":\"2025-11-21\",\"todas_cuotas_pagadas\":true}','2025-11-14 01:18:03'),(447,'Administrador','ACCESO','VENTAS','Acceso a gestión de cuotas','::1','Mozilla/5.0 (Windows NT 10.0; Win64; x64) AppleWebKit/537.36 (KHTML, like Gecko) Chrome/142.0.0.0 Safari/537.36',NULL,NULL,'2025-11-14 01:24:46'),(448,'Administrador','ACCESO','VENTAS','Acceso a gestión de cuotas','::1','Mozilla/5.0 (Windows NT 10.0; Win64; x64) AppleWebKit/537.36 (KHTML, like Gecko) Chrome/142.0.0.0 Safari/537.36',NULL,NULL,'2025-11-14 01:44:32'),(449,'Administrador','ACCESO','VENTAS','Acceso a gestión de cuotas','::1','Mozilla/5.0 (Windows NT 10.0; Win64; x64) AppleWebKit/537.36 (KHTML, like Gecko) Chrome/142.0.0.0 Safari/537.36',NULL,NULL,'2025-11-14 01:44:38'),(450,'Administrador','ACCESO','VENTAS','Acceso a gestión de cuotas','::1','Mozilla/5.0 (Windows NT 10.0; Win64; x64) AppleWebKit/537.36 (KHTML, like Gecko) Chrome/142.0.0.0 Safari/537.36',NULL,NULL,'2025-11-14 01:44:47'),(451,'Administrador','ACCESO','DASHBOARD','Acceso al panel principal','::1','Mozilla/5.0 (Windows NT 10.0; Win64; x64) AppleWebKit/537.36 (KHTML, like Gecko) Chrome/142.0.0.0 Safari/537.36',NULL,NULL,'2025-11-14 01:50:23'),(452,'Administrador','ACCESO','CAJA','Acceso a cierre de caja','::1','Mozilla/5.0 (Windows NT 10.0; Win64; x64) AppleWebKit/537.36 (KHTML, like Gecko) Chrome/142.0.0.0 Safari/537.36',NULL,NULL,'2025-11-14 01:50:29'),(453,'Administrador','CIERRE_CAJA','CAJA','Cierre de caja #16 - Diferencia: ₲ 162.827','::1','Mozilla/5.0 (Windows NT 10.0; Win64; x64) AppleWebKit/537.36 (KHTML, like Gecko) Chrome/142.0.0.0 Safari/537.36','{\"saldo_inicial\":0,\"estado_anterior\":\"ABIERTA\"}','{\"id_cierre\":16,\"saldo_sistema\":-162827.08000000002,\"saldo_fisico\":0,\"diferencia\":162827.08000000002,\"total_ingresos\":112172.92,\"total_egresos\":275000,\"estado_nuevo\":\"CERRADA\"}','2025-11-14 01:50:41'),(454,'Administrador','ACCESO','DASHBOARD','Acceso al panel principal','::1','Mozilla/5.0 (Windows NT 10.0; Win64; x64) AppleWebKit/537.36 (KHTML, like Gecko) Chrome/142.0.0.0 Safari/537.36',NULL,NULL,'2025-11-14 01:50:43'),(455,'Administrador','ACCESO','DASHBOARD','Acceso al panel principal','::1','Mozilla/5.0 (Windows NT 10.0; Win64; x64) AppleWebKit/537.36 (KHTML, like Gecko) Chrome/142.0.0.0 Safari/537.36',NULL,NULL,'2025-11-14 01:51:23'),(456,'Administrador','ACCESO','CAJA','Acceso a apertura de caja','::1','Mozilla/5.0 (Windows NT 10.0; Win64; x64) AppleWebKit/537.36 (KHTML, like Gecko) Chrome/142.0.0.0 Safari/537.36',NULL,NULL,'2025-11-14 01:51:31'),(457,'Administrador','APERTURA_CAJA','CAJA','Apertura de caja #17 - Saldo inicial: ₲ 200.000','::1','Mozilla/5.0 (Windows NT 10.0; Win64; x64) AppleWebKit/537.36 (KHTML, like Gecko) Chrome/142.0.0.0 Safari/537.36',NULL,'{\"id_cierre\":\"17\",\"saldo_inicial\":200000,\"fecha_apertura\":\"2025-11-13 19:51:00\",\"observaciones\":null}','2025-11-14 01:51:39'),(458,'Administrador','ACCESO','DASHBOARD','Acceso al panel principal','::1','Mozilla/5.0 (Windows NT 10.0; Win64; x64) AppleWebKit/537.36 (KHTML, like Gecko) Chrome/142.0.0.0 Safari/537.36',NULL,NULL,'2025-11-14 01:51:40'),(459,'Administrador','ACCESO','DASHBOARD','Acceso al panel principal','::1','Mozilla/5.0 (Windows NT 10.0; Win64; x64) AppleWebKit/537.36 (KHTML, like Gecko) Chrome/142.0.0.0 Safari/537.36',NULL,NULL,'2025-11-14 01:52:37'),(460,'Administrador','ACCESO','VENTAS','Acceso a gestión de cuotas','::1','Mozilla/5.0 (Windows NT 10.0; Win64; x64) AppleWebKit/537.36 (KHTML, like Gecko) Chrome/142.0.0.0 Safari/537.36',NULL,NULL,'2025-11-14 01:52:43'),(461,'Administrador','COBRO_CUOTA','VENTAS','Cuota cobrada: Venta #28, Cuota #1, Cliente: KEVIN SEBASTIAN CABALLERO GODOY','::1','Mozilla/5.0 (Windows NT 10.0; Win64; x64) AppleWebKit/537.36 (KHTML, like Gecko) Chrome/142.0.0.0 Safari/537.36',NULL,'{\"id_cuota\":35,\"id_venta\":28,\"numero_cuota\":1,\"monto\":\"225000.00\",\"fecha_pago\":\"2025-11-14\",\"todas_cuotas_pagadas\":false}','2025-11-14 01:53:02'),(462,'Administrador','ACCESO','VENTAS','Acceso a gestión de cuotas','::1','Mozilla/5.0 (Windows NT 10.0; Win64; x64) AppleWebKit/537.36 (KHTML, like Gecko) Chrome/142.0.0.0 Safari/537.36',NULL,NULL,'2025-11-14 01:53:07'),(463,'Administrador','ACCESO','DASHBOARD','Acceso al panel principal','::1','Mozilla/5.0 (Windows NT 10.0; Win64; x64) AppleWebKit/537.36 (KHTML, like Gecko) Chrome/142.0.0.0 Safari/537.36',NULL,NULL,'2025-11-14 01:53:08'),(464,'Administrador','ACCESO','VENTAS','Acceso a gestión de cuotas','::1','Mozilla/5.0 (Windows NT 10.0; Win64; x64) AppleWebKit/537.36 (KHTML, like Gecko) Chrome/142.0.0.0 Safari/537.36',NULL,NULL,'2025-11-14 01:53:14'),(465,'Administrador','COBRO_CUOTA','VENTAS','Cuota cobrada: Venta #28, Cuota #2, Cliente: KEVIN SEBASTIAN CABALLERO GODOY','::1','Mozilla/5.0 (Windows NT 10.0; Win64; x64) AppleWebKit/537.36 (KHTML, like Gecko) Chrome/142.0.0.0 Safari/537.36',NULL,'{\"id_cuota\":36,\"id_venta\":28,\"numero_cuota\":2,\"monto\":\"225000.00\",\"fecha_pago\":\"2025-11-14\",\"todas_cuotas_pagadas\":false}','2025-11-14 01:53:24'),(466,'Administrador','ACCESO','VENTAS','Acceso a gestión de cuotas','::1','Mozilla/5.0 (Windows NT 10.0; Win64; x64) AppleWebKit/537.36 (KHTML, like Gecko) Chrome/142.0.0.0 Safari/537.36',NULL,NULL,'2025-11-14 01:53:25'),(467,'Administrador','ACCESO','VENTAS','Acceso a gestión de cuotas','::1','Mozilla/5.0 (Windows NT 10.0; Win64; x64) AppleWebKit/537.36 (KHTML, like Gecko) Chrome/142.0.0.0 Safari/537.36',NULL,NULL,'2025-11-14 01:53:29'),(468,'Administrador','COBRO_CUOTA','VENTAS','Cuota cobrada: Venta #28, Cuota #3, Cliente: KEVIN SEBASTIAN CABALLERO GODOY','::1','Mozilla/5.0 (Windows NT 10.0; Win64; x64) AppleWebKit/537.36 (KHTML, like Gecko) Chrome/142.0.0.0 Safari/537.36',NULL,'{\"id_cuota\":37,\"id_venta\":28,\"numero_cuota\":3,\"monto\":\"225000.00\",\"fecha_pago\":\"2025-11-14\",\"todas_cuotas_pagadas\":false}','2025-11-14 01:53:35'),(469,'Administrador','ACCESO','VENTAS','Acceso a gestión de cuotas','::1','Mozilla/5.0 (Windows NT 10.0; Win64; x64) AppleWebKit/537.36 (KHTML, like Gecko) Chrome/142.0.0.0 Safari/537.36',NULL,NULL,'2025-11-14 01:53:36'),(470,'Administrador','ACCESO','VENTAS','Acceso a gestión de cuotas','::1','Mozilla/5.0 (Windows NT 10.0; Win64; x64) AppleWebKit/537.36 (KHTML, like Gecko) Chrome/142.0.0.0 Safari/537.36',NULL,NULL,'2025-11-14 01:53:40'),(471,'Administrador','COBRO_CUOTA','VENTAS','Cuota cobrada: Venta #28, Cuota #4, Cliente: KEVIN SEBASTIAN CABALLERO GODOY - DEUDA CANCELADA (todas las cuotas pagadas)','::1','Mozilla/5.0 (Windows NT 10.0; Win64; x64) AppleWebKit/537.36 (KHTML, like Gecko) Chrome/142.0.0.0 Safari/537.36',NULL,'{\"id_cuota\":38,\"id_venta\":28,\"numero_cuota\":4,\"monto\":\"225000.00\",\"fecha_pago\":\"2025-11-14\",\"todas_cuotas_pagadas\":true}','2025-11-14 01:53:45'),(472,'Administrador','ACCESO','DASHBOARD','Acceso al panel principal','::1','Mozilla/5.0 (Windows NT 10.0; Win64; x64) AppleWebKit/537.36 (KHTML, like Gecko) Chrome/142.0.0.0 Safari/537.36',NULL,NULL,'2025-11-14 01:54:01'),(473,'Administrador','ACCESO','CAJA','Acceso a cierre de caja','::1','Mozilla/5.0 (Windows NT 10.0; Win64; x64) AppleWebKit/537.36 (KHTML, like Gecko) Chrome/142.0.0.0 Safari/537.36',NULL,NULL,'2025-11-14 01:54:12'),(474,'Administrador','CIERRE_CAJA','CAJA','Cierre de caja #17 - Diferencia: ₲ 2.827','::1','Mozilla/5.0 (Windows NT 10.0; Win64; x64) AppleWebKit/537.36 (KHTML, like Gecko) Chrome/142.0.0.0 Safari/537.36','{\"saldo_inicial\":200000,\"estado_anterior\":\"ABIERTA\"}','{\"id_cierre\":17,\"saldo_sistema\":937172.9199999999,\"saldo_fisico\":940000,\"diferencia\":2827.0800000000745,\"total_ingresos\":1012172.92,\"total_egresos\":275000,\"estado_nuevo\":\"CERRADA\"}','2025-11-14 01:54:23'),(475,'Administrador','ACCESO','DASHBOARD','Acceso al panel principal','::1','Mozilla/5.0 (Windows NT 10.0; Win64; x64) AppleWebKit/537.36 (KHTML, like Gecko) Chrome/142.0.0.0 Safari/537.36',NULL,NULL,'2025-11-14 01:54:24'),(476,'KEVIN CABALLERO','LOGIN','SISTEMA','Inicio de sesión exitoso','::1',NULL,NULL,NULL,'2025-11-15 00:35:05'),(477,'KEVIN CABALLERO','ACCESO','DASHBOARD','Acceso al panel principal','::1','Mozilla/5.0 (Windows NT 10.0; Win64; x64) AppleWebKit/537.36 (KHTML, like Gecko) Chrome/142.0.0.0 Safari/537.36',NULL,NULL,'2025-11-15 00:35:05'),(478,'KEVIN CABALLERO','ACCESO','CAJA','Acceso a apertura de caja','::1','Mozilla/5.0 (Windows NT 10.0; Win64; x64) AppleWebKit/537.36 (KHTML, like Gecko) Chrome/142.0.0.0 Safari/537.36',NULL,NULL,'2025-11-15 00:36:32'),(479,'KEVIN CABALLERO','APERTURA_CAJA','CAJA','Apertura de caja #18 - Saldo inicial: ₲ 500.000','::1','Mozilla/5.0 (Windows NT 10.0; Win64; x64) AppleWebKit/537.36 (KHTML, like Gecko) Chrome/142.0.0.0 Safari/537.36',NULL,'{\"id_cierre\":\"18\",\"saldo_inicial\":500000,\"fecha_apertura\":\"2025-11-14 18:36:00\",\"observaciones\":null}','2025-11-15 00:36:44'),(480,'KEVIN CABALLERO','ACCESO','DASHBOARD','Acceso al panel principal','::1','Mozilla/5.0 (Windows NT 10.0; Win64; x64) AppleWebKit/537.36 (KHTML, like Gecko) Chrome/142.0.0.0 Safari/537.36',NULL,NULL,'2025-11-15 00:36:47'),(481,'KEVIN CABALLERO','ACCESO','DASHBOARD','Acceso al panel principal','::1','Mozilla/5.0 (Windows NT 10.0; Win64; x64) AppleWebKit/537.36 (KHTML, like Gecko) Chrome/142.0.0.0 Safari/537.36',NULL,NULL,'2025-11-15 00:38:40'),(482,'KEVIN CABALLERO','ACCESO','PRODUCTOS','Acceso al listado de productos','::1','Mozilla/5.0 (Windows NT 10.0; Win64; x64) AppleWebKit/537.36 (KHTML, like Gecko) Chrome/142.0.0.0 Safari/537.36',NULL,NULL,'2025-11-15 00:41:08'),(483,'KEVIN CABALLERO','ACCESO','PRODUCTOS','Acceso a edición de producto','::1','Mozilla/5.0 (Windows NT 10.0; Win64; x64) AppleWebKit/537.36 (KHTML, like Gecko) Chrome/142.0.0.0 Safari/537.36',NULL,NULL,'2025-11-15 00:41:45'),(484,'KEVIN CABALLERO','ACCESO','PRODUCTOS','Acceso a edición de producto','::1','Mozilla/5.0 (Windows NT 10.0; Win64; x64) AppleWebKit/537.36 (KHTML, like Gecko) Chrome/142.0.0.0 Safari/537.36',NULL,NULL,'2025-11-15 00:48:09'),(485,'KEVIN CABALLERO','EDITAR','PRODUCTOS','Producto editado: BIROME AZUL BIC PUNTA FINA (ID: 11) - Cambios: Sin cambios detectados - Razón: Prueba de cambio','::1','Mozilla/5.0 (Windows NT 10.0; Win64; x64) AppleWebKit/537.36 (KHTML, like Gecko) Chrome/142.0.0.0 Safari/537.36','{\"id\":11,\"nombre_producto\":\"BIROME AZUL BIC PUNTA FINA\",\"codigo_producto\":\"987654678765432456\",\"precio_venta\":\"3500.00\",\"stock_actual\":50,\"stock_minimo\":5,\"estado_producto\":1,\"fecha_registro\":\"2025-11-14 21:41:06\",\"usuario_registro\":null,\"usuario_modificacion\":null,\"fecha_modificacion\":null}','{\"nombre_producto\":\"BIROME AZUL BIC PUNTA FINA\",\"codigo_producto\":\"987654678765432456\",\"precio_venta\":\"3500.00\",\"stock_actual\":\"50\",\"stock_minimo\":\"5\",\"estado_producto\":\"1\"}','2025-11-15 00:48:45'),(487,'KEVIN CABALLERO','ERROR','PRODUCTOS','SQLSTATE[42S22]: Column not found: 1054 Unknown column \'fecha_modificacion\' in \'field list\'','::1','Mozilla/5.0 (Windows NT 10.0; Win64; x64) AppleWebKit/537.36 (KHTML, like Gecko) Chrome/142.0.0.0 Safari/537.36',NULL,NULL,'2025-11-15 00:50:05'),(488,'KEVIN CABALLERO','ACCESO','PRODUCTOS','Acceso a edición de producto','::1','Mozilla/5.0 (Windows NT 10.0; Win64; x64) AppleWebKit/537.36 (KHTML, like Gecko) Chrome/142.0.0.0 Safari/537.36',NULL,NULL,'2025-11-15 00:55:39'),(489,'KEVIN CABALLERO','ACCESO','PRODUCTOS','Acceso a edición de producto','::1','Mozilla/5.0 (Windows NT 10.0; Win64; x64) AppleWebKit/537.36 (KHTML, like Gecko) Chrome/142.0.0.0 Safari/537.36',NULL,NULL,'2025-11-15 00:55:43'),(490,'KEVIN CABALLERO','ACCESO','PRODUCTOS','Acceso al listado de productos','::1','Mozilla/5.0 (Windows NT 10.0; Win64; x64) AppleWebKit/537.36 (KHTML, like Gecko) Chrome/142.0.0.0 Safari/537.36',NULL,NULL,'2025-11-15 00:55:45'),(491,'KEVIN CABALLERO','ACCESO','PRODUCTOS','Acceso a edición de producto','::1','Mozilla/5.0 (Windows NT 10.0; Win64; x64) AppleWebKit/537.36 (KHTML, like Gecko) Chrome/142.0.0.0 Safari/537.36',NULL,NULL,'2025-11-15 00:55:48'),(492,'KEVIN CABALLERO','ACCESO','PRODUCTOS','Acceso a edición de producto','::1','Mozilla/5.0 (Windows NT 10.0; Win64; x64) AppleWebKit/537.36 (KHTML, like Gecko) Chrome/142.0.0.0 Safari/537.36',NULL,NULL,'2025-11-15 00:59:11'),(493,'KEVIN CABALLERO','ACCESO','PRODUCTOS','Acceso a edición de producto','::1','Mozilla/5.0 (Windows NT 10.0; Win64; x64) AppleWebKit/537.36 (KHTML, like Gecko) Chrome/142.0.0.0 Safari/537.36',NULL,NULL,'2025-11-15 00:59:28'),(494,'KEVIN CABALLERO','EDITAR','PRODUCTOS','Producto editado: BIROME AZUL BIC PUNTA FINA (ID: 11) - Cambios: Precio: ₲ 3500.00 → ₲ 3200, Proveedor agregado ID 3 (₲ 2000) - Razón: Prueba de cammbio','::1','Mozilla/5.0 (Windows NT 10.0; Win64; x64) AppleWebKit/537.36 (KHTML, like Gecko) Chrome/142.0.0.0 Safari/537.36','{\"id\":11,\"nombre_producto\":\"BIROME AZUL BIC PUNTA FINA\",\"codigo_producto\":\"987654678765432456\",\"precio_venta\":\"3500.00\",\"stock_actual\":50,\"stock_minimo\":5,\"estado_producto\":1,\"fecha_registro\":\"2025-11-14 21:41:06\",\"usuario_registro\":null,\"usuario_modificacion\":\"KEVIN CABALLERO\",\"fecha_modificacion\":\"2025-11-14 21:48:45\"}','{\"nombre_producto\":\"BIROME AZUL BIC PUNTA FINA\",\"codigo_producto\":\"987654678765432456\",\"precio_venta\":\"3200\",\"stock_actual\":\"50\",\"stock_minimo\":\"5\",\"estado_producto\":\"1\"}','2025-11-15 01:03:12'),(495,'KEVIN CABALLERO','EDITAR','PRODUCTOS','Producto editado: BIROME AZUL BIC PUNTA FINA (ID: 11) - Cambios: Sin cambios detectados - Razón: Prueba de cammbio','::1','Mozilla/5.0 (Windows NT 10.0; Win64; x64) AppleWebKit/537.36 (KHTML, like Gecko) Chrome/142.0.0.0 Safari/537.36','{\"id\":11,\"nombre_producto\":\"BIROME AZUL BIC PUNTA FINA\",\"codigo_producto\":\"987654678765432456\",\"precio_venta\":\"3200.00\",\"stock_actual\":50,\"stock_minimo\":5,\"estado_producto\":1,\"fecha_registro\":\"2025-11-14 21:41:06\",\"usuario_registro\":null,\"usuario_modificacion\":\"KEVIN CABALLERO\",\"fecha_modificacion\":\"2025-11-14 22:03:12\"}','{\"nombre_producto\":\"BIROME AZUL BIC PUNTA FINA\",\"codigo_producto\":\"987654678765432456\",\"precio_venta\":\"3200\",\"stock_actual\":\"50\",\"stock_minimo\":\"5\",\"estado_producto\":\"1\"}','2025-11-15 01:16:02'),(496,'KEVIN CABALLERO','ACCESO','PRODUCTOS','Acceso al listado de productos','::1','Mozilla/5.0 (Windows NT 10.0; Win64; x64) AppleWebKit/537.36 (KHTML, like Gecko) Chrome/142.0.0.0 Safari/537.36',NULL,NULL,'2025-11-15 01:16:06'),(497,'KEVIN CABALLERO','ACCESO','PRODUCTOS','Acceso a edición de producto','::1','Mozilla/5.0 (Windows NT 10.0; Win64; x64) AppleWebKit/537.36 (KHTML, like Gecko) Chrome/142.0.0.0 Safari/537.36',NULL,NULL,'2025-11-15 01:16:16'),(498,'KEVIN CABALLERO','EDITAR','PRODUCTOS','Producto editado: BIROME AZUL BIC PUNTA FINA (ID: 11) - Cambios: Precio: ₲ 3200.00 → ₲ 3250 - Razón: jdfjhfdsjhsdfhdsf','::1','Mozilla/5.0 (Windows NT 10.0; Win64; x64) AppleWebKit/537.36 (KHTML, like Gecko) Chrome/142.0.0.0 Safari/537.36','{\"id\":11,\"nombre_producto\":\"BIROME AZUL BIC PUNTA FINA\",\"codigo_producto\":\"987654678765432456\",\"precio_venta\":\"3200.00\",\"stock_actual\":50,\"stock_minimo\":5,\"estado_producto\":1,\"fecha_registro\":\"2025-11-14 21:41:06\",\"usuario_registro\":null,\"usuario_modificacion\":\"KEVIN CABALLERO\",\"fecha_modificacion\":\"2025-11-14 22:16:02\"}','{\"nombre_producto\":\"BIROME AZUL BIC PUNTA FINA\",\"codigo_producto\":\"987654678765432456\",\"precio_venta\":\"3250\",\"stock_actual\":\"50\",\"stock_minimo\":\"5\",\"estado_producto\":\"1\"}','2025-11-15 01:16:34'),(499,'KEVIN CABALLERO','ACCESO','PRODUCTOS','Acceso al listado de productos','::1','Mozilla/5.0 (Windows NT 10.0; Win64; x64) AppleWebKit/537.36 (KHTML, like Gecko) Chrome/142.0.0.0 Safari/537.36',NULL,NULL,'2025-11-15 01:16:38'),(500,'KEVIN CABALLERO','ACCESO','AUDITORIA','Acceso al log de actividades','::1','Mozilla/5.0 (Windows NT 10.0; Win64; x64) AppleWebKit/537.36 (KHTML, like Gecko) Chrome/142.0.0.0 Safari/537.36',NULL,NULL,'2025-11-15 01:16:44'),(501,'KEVIN CABALLERO','ACCESO','PRODUCTOS','Acceso al listado de productos','::1','Mozilla/5.0 (Windows NT 10.0; Win64; x64) AppleWebKit/537.36 (KHTML, like Gecko) Chrome/142.0.0.0 Safari/537.36',NULL,NULL,'2025-11-15 01:17:33'),(502,'KEVIN CABALLERO','ACCESO','PRODUCTOS','Acceso a edición de producto','::1','Mozilla/5.0 (Windows NT 10.0; Win64; x64) AppleWebKit/537.36 (KHTML, like Gecko) Chrome/142.0.0.0 Safari/537.36',NULL,NULL,'2025-11-15 01:17:36'),(503,'KEVIN CABALLERO','ACCESO','PRODUCTOS','Acceso a edición de producto','::1','Mozilla/5.0 (Windows NT 10.0; Win64; x64) AppleWebKit/537.36 (KHTML, like Gecko) Chrome/142.0.0.0 Safari/537.36',NULL,NULL,'2025-11-15 01:17:59'),(504,'KEVIN CABALLERO','ACCESO','PRODUCTOS','Acceso a edición de producto','::1','Mozilla/5.0 (Windows NT 10.0; Win64; x64) AppleWebKit/537.36 (KHTML, like Gecko) Chrome/142.0.0.0 Safari/537.36',NULL,NULL,'2025-11-15 01:18:30'),(505,'KEVIN CABALLERO','EDITAR','PRODUCTOS','Producto editado: BIROME AZUL BIC PUNTA GRUESA (ID: 11) - Cambios: Nombre: \'BIROME AZUL BIC PUNTA FINA\' → \'BIROME AZUL BIC PUNTA GRUESA\', Precio: ₲ 3250.00 → ₲ 2900, Stock: 50 → 440, Precio proveedor ID 3: ₲ 2000.00 → ₲ 2500 - Razón: Prueba de cambio','::1','Mozilla/5.0 (Windows NT 10.0; Win64; x64) AppleWebKit/537.36 (KHTML, like Gecko) Chrome/142.0.0.0 Safari/537.36','{\"id\":11,\"nombre_producto\":\"BIROME AZUL BIC PUNTA FINA\",\"codigo_producto\":\"987654678765432456\",\"precio_venta\":\"3250.00\",\"stock_actual\":50,\"stock_minimo\":5,\"estado_producto\":1,\"fecha_registro\":\"2025-11-14 21:41:06\",\"usuario_registro\":null,\"usuario_modificacion\":\"KEVIN CABALLERO\",\"fecha_modificacion\":\"2025-11-14 22:16:34\"}','{\"nombre_producto\":\"BIROME AZUL BIC PUNTA GRUESA\",\"codigo_producto\":\"987654678765432453\",\"precio_venta\":\"2900\",\"stock_actual\":\"440\",\"stock_minimo\":\"5\",\"estado_producto\":\"1\"}','2025-11-15 01:18:59'),(506,'KEVIN CABALLERO','ACCESO','PRODUCTOS','Acceso al listado de productos','::1','Mozilla/5.0 (Windows NT 10.0; Win64; x64) AppleWebKit/537.36 (KHTML, like Gecko) Chrome/142.0.0.0 Safari/537.36',NULL,NULL,'2025-11-15 01:19:04'),(507,'KEVIN CABALLERO','ACCESO','DASHBOARD','Acceso al panel principal','::1','Mozilla/5.0 (Windows NT 10.0; Win64; x64) AppleWebKit/537.36 (KHTML, like Gecko) Chrome/142.0.0.0 Safari/537.36',NULL,NULL,'2025-11-15 01:19:22'),(508,'KEVIN CABALLERO','ACCESO','DASHBOARD','Acceso al panel principal','::1','Mozilla/5.0 (Windows NT 10.0; Win64; x64) AppleWebKit/537.36 (KHTML, like Gecko) Chrome/142.0.0.0 Safari/537.36',NULL,NULL,'2025-11-15 01:20:47'),(509,'KEVIN CABALLERO','ACCESO','DASHBOARD','Acceso al panel principal','::1','Mozilla/5.0 (Windows NT 10.0; Win64; x64) AppleWebKit/537.36 (KHTML, like Gecko) Chrome/142.0.0.0 Safari/537.36',NULL,NULL,'2025-11-15 01:22:43'),(510,'KEVIN CABALLERO','ACCESO','VENTAS','Acceso a gestión de cuotas','::1','Mozilla/5.0 (Windows NT 10.0; Win64; x64) AppleWebKit/537.36 (KHTML, like Gecko) Chrome/142.0.0.0 Safari/537.36',NULL,NULL,'2025-11-15 01:25:38'),(511,'KEVIN CABALLERO','COBRO_CUOTA','VENTAS','Cuota cobrada: Venta #24, Cuota #1, Cliente: LUNA YOMAIRA CABALLERO GODOY','::1','Mozilla/5.0 (Windows NT 10.0; Win64; x64) AppleWebKit/537.36 (KHTML, like Gecko) Chrome/142.0.0.0 Safari/537.36',NULL,'{\"id_cuota\":33,\"id_venta\":24,\"numero_cuota\":1,\"monto\":\"5000.00\",\"fecha_pago\":\"2025-11-15\",\"todas_cuotas_pagadas\":false}','2025-11-15 01:25:51'),(512,'KEVIN CABALLERO','ACCESO','VENTAS','Acceso a gestión de cuotas','::1','Mozilla/5.0 (Windows NT 10.0; Win64; x64) AppleWebKit/537.36 (KHTML, like Gecko) Chrome/142.0.0.0 Safari/537.36',NULL,NULL,'2025-11-15 01:26:09'),(513,'KEVIN CABALLERO','ACCESO','VENTAS','Acceso a gestión de cuotas','::1','Mozilla/5.0 (Windows NT 10.0; Win64; x64) AppleWebKit/537.36 (KHTML, like Gecko) Chrome/142.0.0.0 Safari/537.36',NULL,NULL,'2025-11-15 01:26:14'),(514,'KEVIN CABALLERO','ACCESO','DASHBOARD','Acceso al panel principal','::1','Mozilla/5.0 (Windows NT 10.0; Win64; x64) AppleWebKit/537.36 (KHTML, like Gecko) Chrome/142.0.0.0 Safari/537.36',NULL,NULL,'2025-11-15 01:27:26'),(515,'KEVIN CABALLERO','ACCESO','VENTAS','Acceso a gestión de cuotas','::1','Mozilla/5.0 (Windows NT 10.0; Win64; x64) AppleWebKit/537.36 (KHTML, like Gecko) Chrome/142.0.0.0 Safari/537.36',NULL,NULL,'2025-11-15 01:27:44'),(516,'KEVIN CABALLERO','COBRO_CUOTA','VENTAS','Cuota cobrada: Venta #30, Cuota #1, Cliente: KEVIN SEBASTIAN CABALLERO GODOY','::1','Mozilla/5.0 (Windows NT 10.0; Win64; x64) AppleWebKit/537.36 (KHTML, like Gecko) Chrome/142.0.0.0 Safari/537.36',NULL,'{\"id_cuota\":39,\"id_venta\":30,\"numero_cuota\":1,\"monto\":\"12500.00\",\"fecha_pago\":\"2025-11-15\",\"todas_cuotas_pagadas\":false}','2025-11-15 01:27:58'),(517,'KEVIN CABALLERO','ACCESO','VENTAS','Acceso a gestión de cuotas','::1','Mozilla/5.0 (Windows NT 10.0; Win64; x64) AppleWebKit/537.36 (KHTML, like Gecko) Chrome/142.0.0.0 Safari/537.36',NULL,NULL,'2025-11-15 01:28:00'),(518,'KEVIN CABALLERO','COBRO_CUOTA','VENTAS','Cuota cobrada: Venta #30, Cuota #2, Cliente: KEVIN SEBASTIAN CABALLERO GODOY','::1','Mozilla/5.0 (Windows NT 10.0; Win64; x64) AppleWebKit/537.36 (KHTML, like Gecko) Chrome/142.0.0.0 Safari/537.36',NULL,'{\"id_cuota\":40,\"id_venta\":30,\"numero_cuota\":2,\"monto\":\"12500.00\",\"fecha_pago\":\"2025-11-15\",\"todas_cuotas_pagadas\":false}','2025-11-15 01:28:09'),(519,'KEVIN CABALLERO','ACCESO','VENTAS','Acceso a gestión de cuotas','::1','Mozilla/5.0 (Windows NT 10.0; Win64; x64) AppleWebKit/537.36 (KHTML, like Gecko) Chrome/142.0.0.0 Safari/537.36',NULL,NULL,'2025-11-15 01:28:11'),(520,'KEVIN CABALLERO','COBRO_CUOTA','VENTAS','Cuota cobrada: Venta #30, Cuota #3, Cliente: KEVIN SEBASTIAN CABALLERO GODOY','::1','Mozilla/5.0 (Windows NT 10.0; Win64; x64) AppleWebKit/537.36 (KHTML, like Gecko) Chrome/142.0.0.0 Safari/537.36',NULL,'{\"id_cuota\":41,\"id_venta\":30,\"numero_cuota\":3,\"monto\":\"12500.00\",\"fecha_pago\":\"2025-11-15\",\"todas_cuotas_pagadas\":false}','2025-11-15 01:28:20'),(521,'KEVIN CABALLERO','ACCESO','VENTAS','Acceso a gestión de cuotas','::1','Mozilla/5.0 (Windows NT 10.0; Win64; x64) AppleWebKit/537.36 (KHTML, like Gecko) Chrome/142.0.0.0 Safari/537.36',NULL,NULL,'2025-11-15 01:28:22'),(522,'KEVIN CABALLERO','COBRO_CUOTA','VENTAS','Cuota cobrada: Venta #30, Cuota #4, Cliente: KEVIN SEBASTIAN CABALLERO GODOY - DEUDA CANCELADA (todas las cuotas pagadas)','::1','Mozilla/5.0 (Windows NT 10.0; Win64; x64) AppleWebKit/537.36 (KHTML, like Gecko) Chrome/142.0.0.0 Safari/537.36',NULL,'{\"id_cuota\":42,\"id_venta\":30,\"numero_cuota\":4,\"monto\":\"12500.00\",\"fecha_pago\":\"2025-11-15\",\"todas_cuotas_pagadas\":true}','2025-11-15 01:28:31'),(523,'KEVIN CABALLERO','ACCESO','VENTAS','Acceso a gestión de cuotas','::1','Mozilla/5.0 (Windows NT 10.0; Win64; x64) AppleWebKit/537.36 (KHTML, like Gecko) Chrome/142.0.0.0 Safari/537.36',NULL,NULL,'2025-11-15 01:28:34'),(524,'KEVIN CABALLERO','ACCESO','DASHBOARD','Acceso al panel principal','::1','Mozilla/5.0 (Windows NT 10.0; Win64; x64) AppleWebKit/537.36 (KHTML, like Gecko) Chrome/142.0.0.0 Safari/537.36',NULL,NULL,'2025-11-15 01:28:50'),(525,'KEVIN CABALLERO','ACCESO','CUENTAS_CORRIENTES','Acceso a listado de deudas','::1','Mozilla/5.0 (Windows NT 10.0; Win64; x64) AppleWebKit/537.36 (KHTML, like Gecko) Chrome/142.0.0.0 Safari/537.36',NULL,NULL,'2025-11-15 01:29:44'),(526,'KEVIN CABALLERO','ACCESO','CUENTAS_CORRIENTES','Acceso a formulario de pago - Cliente: MAGNA ADELINA GODOY OLMEDO','::1','Mozilla/5.0 (Windows NT 10.0; Win64; x64) AppleWebKit/537.36 (KHTML, like Gecko) Chrome/142.0.0.0 Safari/537.36',NULL,NULL,'2025-11-15 01:29:48'),(527,'KEVIN CABALLERO','PAGO_CUENTA_CORRIENTE','CUENTAS_CORRIENTES','Pago registrado - Cliente: MAGNA ADELINA GODOY OLMEDO, Monto: ₲ 50.000 (Tipo: TOTAL)','::1','Mozilla/5.0 (Windows NT 10.0; Win64; x64) AppleWebKit/537.36 (KHTML, like Gecko) Chrome/142.0.0.0 Safari/537.36','{\"saldo_anterior\":40000}','{\"id_cliente\":7,\"monto_pago\":50000,\"tipo_pago\":\"TOTAL\",\"saldo_nuevo\":-10000,\"fecha_pago\":\"2025-11-15\"}','2025-11-15 01:30:14'),(528,'KEVIN CABALLERO','ACCESO','CUENTAS_CORRIENTES','Acceso a cuenta corriente del cliente: MAGNA ADELINA GODOY OLMEDO','::1','Mozilla/5.0 (Windows NT 10.0; Win64; x64) AppleWebKit/537.36 (KHTML, like Gecko) Chrome/142.0.0.0 Safari/537.36',NULL,NULL,'2025-11-15 01:30:15'),(529,'KEVIN CABALLERO','ACCESO','CUENTAS_CORRIENTES','Acceso a listado de deudas','::1','Mozilla/5.0 (Windows NT 10.0; Win64; x64) AppleWebKit/537.36 (KHTML, like Gecko) Chrome/142.0.0.0 Safari/537.36',NULL,NULL,'2025-11-15 01:30:19'),(530,'KEVIN CABALLERO','ACCESO','CUENTAS_CORRIENTES','Acceso a listado de deudas','::1','Mozilla/5.0 (Windows NT 10.0; Win64; x64) AppleWebKit/537.36 (KHTML, like Gecko) Chrome/142.0.0.0 Safari/537.36',NULL,NULL,'2025-11-15 01:30:24'),(531,'KEVIN CABALLERO','ACCESO','DASHBOARD','Acceso al panel principal','::1','Mozilla/5.0 (Windows NT 10.0; Win64; x64) AppleWebKit/537.36 (KHTML, like Gecko) Chrome/142.0.0.0 Safari/537.36',NULL,NULL,'2025-11-15 01:30:53'),(532,'KEVIN CABALLERO','ACCESO','AUDITORIA','Acceso al log de actividades','::1','Mozilla/5.0 (Windows NT 10.0; Win64; x64) AppleWebKit/537.36 (KHTML, like Gecko) Chrome/142.0.0.0 Safari/537.36',NULL,NULL,'2025-11-15 01:31:35'),(533,'KEVIN CABALLERO','ACCESO','USUARIOS','Acceso al listado de usuarios','::1','Mozilla/5.0 (Windows NT 10.0; Win64; x64) AppleWebKit/537.36 (KHTML, like Gecko) Chrome/142.0.0.0 Safari/537.36',NULL,NULL,'2025-11-15 01:32:09'),(534,'KEVIN CABALLERO','ACCESO','USUARIOS','Acceso al formulario de creación de usuario','::1','Mozilla/5.0 (Windows NT 10.0; Win64; x64) AppleWebKit/537.36 (KHTML, like Gecko) Chrome/142.0.0.0 Safari/537.36',NULL,NULL,'2025-11-15 01:32:13'),(535,'KEVIN CABALLERO','CREAR','USUARIOS','Usuario creado: PRUEBA (Login: pruebin, Rol: ADMINISTRADOR)','::1','Mozilla/5.0 (Windows NT 10.0; Win64; x64) AppleWebKit/537.36 (KHTML, like Gecko) Chrome/142.0.0.0 Safari/537.36',NULL,'{\"id\":\"7\",\"nombre\":\"PRUEBA\",\"usuario\":\"pruebin\",\"rol\":\"ADMINISTRADOR\",\"estado\":1}','2025-11-15 01:32:38'),(536,'KEVIN CABALLERO','ACCESO','USUARIOS','Acceso al listado de usuarios','::1','Mozilla/5.0 (Windows NT 10.0; Win64; x64) AppleWebKit/537.36 (KHTML, like Gecko) Chrome/142.0.0.0 Safari/537.36',NULL,NULL,'2025-11-15 01:32:42'),(537,'KEVIN CABALLERO','ACCESO','USUARIOS','Acceso a edición de usuario: PRUEBA','::1','Mozilla/5.0 (Windows NT 10.0; Win64; x64) AppleWebKit/537.36 (KHTML, like Gecko) Chrome/142.0.0.0 Safari/537.36',NULL,NULL,'2025-11-15 01:32:45'),(538,'KEVIN CABALLERO','EDITAR','USUARIOS','Usuario editado: PRUEBA (ID: 7) - Cambios: Rol: \'ADMINISTRADOR\' → \'VENDEDOR\'','::1','Mozilla/5.0 (Windows NT 10.0; Win64; x64) AppleWebKit/537.36 (KHTML, like Gecko) Chrome/142.0.0.0 Safari/537.36','{\"nombre\":\"PRUEBA\",\"usuario\":\"pruebin\",\"rol\":\"ADMINISTRADOR\",\"estado\":1}','{\"nombre\":\"PRUEBA\",\"usuario\":\"pruebin\",\"rol\":\"VENDEDOR\",\"estado\":1,\"password_cambiado\":false}','2025-11-15 01:32:54'),(539,'KEVIN CABALLERO','ACCESO','USUARIOS','Acceso al listado de usuarios','::1','Mozilla/5.0 (Windows NT 10.0; Win64; x64) AppleWebKit/537.36 (KHTML, like Gecko) Chrome/142.0.0.0 Safari/537.36',NULL,NULL,'2025-11-15 01:32:56'),(540,'KEVIN CABALLERO','BACKUP','SISTEMA','Backup manual generado: backup_manual_2025-11-14_22-33-08.sql','::1','Mozilla/5.0 (Windows NT 10.0; Win64; x64) AppleWebKit/537.36 (KHTML, like Gecko) Chrome/142.0.0.0 Safari/537.36',NULL,'{\"archivo\":\"backup_manual_2025-11-14_22-33-08.sql\",\"tamano\":\"197.22 KB\"}','2025-11-15 01:33:09'),(541,'KEVIN CABALLERO','BACKUP','SISTEMA','Backup descargado: backup_manual_2025-11-14_22-33-08.sql','::1','Mozilla/5.0 (Windows NT 10.0; Win64; x64) AppleWebKit/537.36 (KHTML, like Gecko) Chrome/142.0.0.0 Safari/537.36',NULL,NULL,'2025-11-15 01:33:11'),(542,'KEVIN CABALLERO','LOGOUT','SISTEMA','Cierre de sesión','::1',NULL,NULL,NULL,'2025-11-15 01:33:19'),(543,'PRUEBA','LOGIN','SISTEMA','Inicio de sesión exitoso','::1',NULL,NULL,NULL,'2025-11-15 01:33:29'),(544,'PRUEBA','ACCESO','DASHBOARD','Acceso al panel principal','::1','Mozilla/5.0 (Windows NT 10.0; Win64; x64) AppleWebKit/537.36 (KHTML, like Gecko) Chrome/142.0.0.0 Safari/537.36',NULL,NULL,'2025-11-15 01:33:29'),(545,'PRUEBA','LOGOUT','SISTEMA','Cierre de sesión','::1',NULL,NULL,NULL,'2025-11-15 01:33:43'),(546,'Administrador','LOGIN','SISTEMA','Inicio de sesión exitoso','::1',NULL,NULL,NULL,'2025-11-15 01:33:48'),(547,'Administrador','ACCESO','DASHBOARD','Acceso al panel principal','::1','Mozilla/5.0 (Windows NT 10.0; Win64; x64) AppleWebKit/537.36 (KHTML, like Gecko) Chrome/142.0.0.0 Safari/537.36',NULL,NULL,'2025-11-15 01:33:48'),(548,'Administrador','ACCESO','CAJA','Acceso a registro de movimiento manual','::1','Mozilla/5.0 (Windows NT 10.0; Win64; x64) AppleWebKit/537.36 (KHTML, like Gecko) Chrome/142.0.0.0 Safari/537.36',NULL,NULL,'2025-11-15 01:34:09'),(549,'Administrador','CREAR','CAJA','Movimiento de caja registrado: EGRESO - Pago de Luz (ID: 74)','::1','Mozilla/5.0 (Windows NT 10.0; Win64; x64) AppleWebKit/537.36 (KHTML, like Gecko) Chrome/142.0.0.0 Safari/537.36',NULL,'{\"id_movimiento\":\"74\",\"tipo\":\"EGRESO\",\"categoria\":\"OTRO\",\"concepto\":\"Pago de Luz\",\"monto\":10000,\"fecha\":\"2025-11-14 19:34:00\"}','2025-11-15 01:34:29'),(550,'Administrador','ACCESO','CAJA','Acceso a registro de movimiento manual','::1','Mozilla/5.0 (Windows NT 10.0; Win64; x64) AppleWebKit/537.36 (KHTML, like Gecko) Chrome/142.0.0.0 Safari/537.36',NULL,NULL,'2025-11-15 01:34:31'),(551,'Administrador','CREAR','CAJA','Movimiento de caja registrado: INGRESO - Venta de articulo usado (ID: 75)','::1','Mozilla/5.0 (Windows NT 10.0; Win64; x64) AppleWebKit/537.36 (KHTML, like Gecko) Chrome/142.0.0.0 Safari/537.36',NULL,'{\"id_movimiento\":\"75\",\"tipo\":\"INGRESO\",\"categoria\":\"OTRO\",\"concepto\":\"Venta de articulo usado\",\"monto\":10000,\"fecha\":\"2025-11-14 19:34:00\"}','2025-11-15 01:34:46'),(552,'Administrador','ACCESO','CAJA','Acceso a cierre de caja','::1','Mozilla/5.0 (Windows NT 10.0; Win64; x64) AppleWebKit/537.36 (KHTML, like Gecko) Chrome/142.0.0.0 Safari/537.36',NULL,NULL,'2025-11-15 01:34:55'),(553,'Administrador','CIERRE_CAJA','CAJA','Cierre de caja #18 - Diferencia: ₲ 482.827','::1','Mozilla/5.0 (Windows NT 10.0; Win64; x64) AppleWebKit/537.36 (KHTML, like Gecko) Chrome/142.0.0.0 Safari/537.36','{\"saldo_inicial\":500000,\"estado_anterior\":\"ABIERTA\"}','{\"id_cierre\":18,\"saldo_sistema\":1517172.92,\"saldo_fisico\":2000000,\"diferencia\":482827.0800000001,\"total_ingresos\":1156172.92,\"total_egresos\":139000,\"estado_nuevo\":\"CERRADA\"}','2025-11-15 01:35:08'),(554,'Administrador','ACCESO','DASHBOARD','Acceso al panel principal','::1','Mozilla/5.0 (Windows NT 10.0; Win64; x64) AppleWebKit/537.36 (KHTML, like Gecko) Chrome/142.0.0.0 Safari/537.36',NULL,NULL,'2025-11-15 01:35:11'),(555,'Administrador','ACCESO','DASHBOARD','Acceso al panel principal','::1','Mozilla/5.0 (Windows NT 10.0; Win64; x64) AppleWebKit/537.36 (KHTML, like Gecko) Chrome/142.0.0.0 Safari/537.36',NULL,NULL,'2025-11-15 01:35:15'),(556,'Administrador','ACCESO','DASHBOARD','Acceso al panel principal','::1','Mozilla/5.0 (Windows NT 10.0; Win64; x64) AppleWebKit/537.36 (KHTML, like Gecko) Chrome/142.0.0.0 Safari/537.36',NULL,NULL,'2025-11-15 01:35:22'),(557,'Administrador','ACCESO','DASHBOARD','Acceso al panel principal','::1','Mozilla/5.0 (Windows NT 10.0; Win64; x64) AppleWebKit/537.36 (KHTML, like Gecko) Chrome/142.0.0.0 Safari/537.36',NULL,NULL,'2025-11-15 01:35:25'),(558,'Administrador','LOGIN','SISTEMA','Inicio de sesión exitoso','::1',NULL,NULL,NULL,'2025-11-21 21:10:11'),(559,'Administrador','ACCESO','DASHBOARD','Acceso al panel principal','::1','Mozilla/5.0 (Windows NT 10.0; Win64; x64) AppleWebKit/537.36 (KHTML, like Gecko) Chrome/142.0.0.0 Safari/537.36',NULL,NULL,'2025-11-21 21:10:11'),(560,'Administrador','ACCESO','CAJA','Acceso a apertura de caja','::1','Mozilla/5.0 (Windows NT 10.0; Win64; x64) AppleWebKit/537.36 (KHTML, like Gecko) Chrome/142.0.0.0 Safari/537.36',NULL,NULL,'2025-11-21 21:10:35'),(561,'Administrador','APERTURA_CAJA','CAJA','Apertura de caja #19 - Saldo inicial: ₲ 0','::1','Mozilla/5.0 (Windows NT 10.0; Win64; x64) AppleWebKit/537.36 (KHTML, like Gecko) Chrome/142.0.0.0 Safari/537.36',NULL,'{\"id_cierre\":\"19\",\"saldo_inicial\":0,\"fecha_apertura\":\"2025-11-21 15:10:00\",\"observaciones\":null}','2025-11-21 21:10:40'),(562,'Administrador','ACCESO','DASHBOARD','Acceso al panel principal','::1','Mozilla/5.0 (Windows NT 10.0; Win64; x64) AppleWebKit/537.36 (KHTML, like Gecko) Chrome/142.0.0.0 Safari/537.36',NULL,NULL,'2025-11-21 21:10:42'),(563,'Administrador','ACCESO','DASHBOARD','Acceso al panel principal','::1','Mozilla/5.0 (Windows NT 10.0; Win64; x64) AppleWebKit/537.36 (KHTML, like Gecko) Chrome/142.0.0.0 Safari/537.36',NULL,NULL,'2025-11-21 21:11:17'),(564,'Administrador','ACCESO','CAJA','Acceso a cierre de caja','::1','Mozilla/5.0 (Windows NT 10.0; Win64; x64) AppleWebKit/537.36 (KHTML, like Gecko) Chrome/142.0.0.0 Safari/537.36',NULL,NULL,'2025-11-21 21:11:31'),(565,'Administrador','ACCESO','DASHBOARD','Acceso al panel principal','::1','Mozilla/5.0 (Windows NT 10.0; Win64; x64) AppleWebKit/537.36 (KHTML, like Gecko) Chrome/142.0.0.0 Safari/537.36',NULL,NULL,'2025-11-21 21:12:00'),(566,'Administrador','ACCESO','DASHBOARD','Acceso al panel principal','::1','Mozilla/5.0 (Windows NT 10.0; Win64; x64) AppleWebKit/537.36 (KHTML, like Gecko) Chrome/142.0.0.0 Safari/537.36',NULL,NULL,'2025-11-21 21:12:40'),(567,'Administrador','ACCESO','VENTAS','Acceso a gestión de cuotas','::1','Mozilla/5.0 (Windows NT 10.0; Win64; x64) AppleWebKit/537.36 (KHTML, like Gecko) Chrome/142.0.0.0 Safari/537.36',NULL,NULL,'2025-11-21 21:13:23'),(568,'Administrador','ACCESO','VENTAS','Acceso a gestión de cuotas','::1','Mozilla/5.0 (Windows NT 10.0; Win64; x64) AppleWebKit/537.36 (KHTML, like Gecko) Chrome/142.0.0.0 Safari/537.36',NULL,NULL,'2025-11-21 21:13:26'),(569,'Administrador','ACCESO','VENTAS','Acceso a gestión de cuotas','::1','Mozilla/5.0 (Windows NT 10.0; Win64; x64) AppleWebKit/537.36 (KHTML, like Gecko) Chrome/142.0.0.0 Safari/537.36',NULL,NULL,'2025-11-21 21:13:37'),(570,'Administrador','ACCESO','AUDITORIA','Acceso al log de actividades','::1','Mozilla/5.0 (Windows NT 10.0; Win64; x64) AppleWebKit/537.36 (KHTML, like Gecko) Chrome/142.0.0.0 Safari/537.36',NULL,NULL,'2025-11-21 21:19:52'),(571,'Administrador','ACCESO','AUDITORIA','Acceso al log de actividades','::1','Mozilla/5.0 (Windows NT 10.0; Win64; x64) AppleWebKit/537.36 (KHTML, like Gecko) Chrome/142.0.0.0 Safari/537.36',NULL,NULL,'2025-11-21 21:22:55'),(572,'Administrador','ACCESO','DASHBOARD','Acceso al panel principal','::1','Mozilla/5.0 (Windows NT 10.0; Win64; x64) AppleWebKit/537.36 (KHTML, like Gecko) Chrome/142.0.0.0 Safari/537.36',NULL,NULL,'2025-11-21 21:23:05'),(573,'Administrador','ACCESO','CAJA','Acceso a cierre de caja','::1','Mozilla/5.0 (Windows NT 10.0; Win64; x64) AppleWebKit/537.36 (KHTML, like Gecko) Chrome/142.0.0.0 Safari/537.36',NULL,NULL,'2025-11-21 21:23:19'),(574,'Administrador','CIERRE_CAJA','CAJA','Cierre de caja #19 - Diferencia: ₲ 0','::1','Mozilla/5.0 (Windows NT 10.0; Win64; x64) AppleWebKit/537.36 (KHTML, like Gecko) Chrome/142.0.0.0 Safari/537.36','{\"saldo_inicial\":0,\"estado_anterior\":\"ABIERTA\"}','{\"id_cierre\":19,\"saldo_sistema\":85000,\"saldo_fisico\":85000,\"diferencia\":0,\"total_ingresos\":85000,\"total_egresos\":0,\"estado_nuevo\":\"CERRADA\"}','2025-11-21 21:23:26'),(575,'Administrador','ACCESO','DASHBOARD','Acceso al panel principal','::1','Mozilla/5.0 (Windows NT 10.0; Win64; x64) AppleWebKit/537.36 (KHTML, like Gecko) Chrome/142.0.0.0 Safari/537.36',NULL,NULL,'2025-11-21 21:23:28'),(576,'Administrador','ACCESO','CAJA','Acceso a cierre de caja','::1','Mozilla/5.0 (Windows NT 10.0; Win64; x64) AppleWebKit/537.36 (KHTML, like Gecko) Chrome/142.0.0.0 Safari/537.36',NULL,NULL,'2025-11-21 21:23:33'),(577,'Administrador','ACCESO','CAJA','Acceso a apertura de caja','::1','Mozilla/5.0 (Windows NT 10.0; Win64; x64) AppleWebKit/537.36 (KHTML, like Gecko) Chrome/142.0.0.0 Safari/537.36',NULL,NULL,'2025-11-21 21:23:39'),(578,'Administrador','APERTURA_CAJA','CAJA','Apertura de caja #20 - Saldo inicial: ₲ 0','::1','Mozilla/5.0 (Windows NT 10.0; Win64; x64) AppleWebKit/537.36 (KHTML, like Gecko) Chrome/142.0.0.0 Safari/537.36',NULL,'{\"id_cierre\":\"20\",\"saldo_inicial\":0,\"fecha_apertura\":\"2025-11-21 15:23:00\",\"observaciones\":null}','2025-11-21 21:23:47'),(579,'Administrador','ACCESO','DASHBOARD','Acceso al panel principal','::1','Mozilla/5.0 (Windows NT 10.0; Win64; x64) AppleWebKit/537.36 (KHTML, like Gecko) Chrome/142.0.0.0 Safari/537.36',NULL,NULL,'2025-11-21 21:23:48'),(580,'Administrador','ACCESO','CAJA','Acceso a cierre de caja','::1','Mozilla/5.0 (Windows NT 10.0; Win64; x64) AppleWebKit/537.36 (KHTML, like Gecko) Chrome/142.0.0.0 Safari/537.36',NULL,NULL,'2025-11-21 21:23:51'),(581,'Administrador','CIERRE_CAJA','CAJA','Cierre de caja #20 - Diferencia: ₲ 0','::1','Mozilla/5.0 (Windows NT 10.0; Win64; x64) AppleWebKit/537.36 (KHTML, like Gecko) Chrome/142.0.0.0 Safari/537.36','{\"saldo_inicial\":0,\"estado_anterior\":\"ABIERTA\"}','{\"id_cierre\":20,\"saldo_sistema\":85000,\"saldo_fisico\":85000,\"diferencia\":0,\"total_ingresos\":85000,\"total_egresos\":0,\"estado_nuevo\":\"CERRADA\"}','2025-11-21 21:23:58'),(582,'Administrador','ACCESO','DASHBOARD','Acceso al panel principal','::1','Mozilla/5.0 (Windows NT 10.0; Win64; x64) AppleWebKit/537.36 (KHTML, like Gecko) Chrome/142.0.0.0 Safari/537.36',NULL,NULL,'2025-11-21 21:24:00'),(583,'Administrador','LOGOUT','SISTEMA','Cierre de sesión','::1',NULL,NULL,NULL,'2025-11-21 21:28:40'),(584,'Administrador','LOGIN','SISTEMA','Inicio de sesión exitoso','::1',NULL,NULL,NULL,'2025-11-21 21:28:44'),(585,'Administrador','ACCESO','DASHBOARD','Acceso al panel principal','::1','Mozilla/5.0 (Windows NT 10.0; Win64; x64) AppleWebKit/537.36 (KHTML, like Gecko) Chrome/142.0.0.0 Safari/537.36',NULL,NULL,'2025-11-21 21:28:44'),(586,'Administrador','ACCESO','DASHBOARD','Acceso al panel principal','::1','Mozilla/5.0 (Windows NT 10.0; Win64; x64) AppleWebKit/537.36 (KHTML, like Gecko) Chrome/142.0.0.0 Safari/537.36',NULL,NULL,'2025-11-21 22:06:19'),(587,'Administrador','LOGOUT','SISTEMA','Cierre de sesión','::1',NULL,NULL,NULL,'2025-11-21 23:03:55'),(588,'Administrador','LOGIN','SISTEMA','Inicio de sesión exitoso','::1',NULL,NULL,NULL,'2025-11-21 23:04:42'),(589,'Administrador','ACCESO','DASHBOARD','Acceso al panel principal','::1','Mozilla/5.0 (Windows NT 10.0; Win64; x64) AppleWebKit/537.36 (KHTML, like Gecko) Chrome/142.0.0.0 Safari/537.36',NULL,NULL,'2025-11-21 23:04:42'),(590,'Administrador','ACCESO','USUARIOS','Acceso al formulario de creación de usuario','::1','Mozilla/5.0 (Windows NT 10.0; Win64; x64) AppleWebKit/537.36 (KHTML, like Gecko) Chrome/142.0.0.0 Safari/537.36',NULL,NULL,'2025-11-21 23:04:45'),(591,'Administrador','ACCESO','USUARIOS','Acceso al listado de usuarios','::1','Mozilla/5.0 (Windows NT 10.0; Win64; x64) AppleWebKit/537.36 (KHTML, like Gecko) Chrome/142.0.0.0 Safari/537.36',NULL,NULL,'2025-11-21 23:04:48'),(592,'Administrador','ACCESO','USUARIOS','Acceso al formulario de creación de usuario','::1','Mozilla/5.0 (Windows NT 10.0; Win64; x64) AppleWebKit/537.36 (KHTML, like Gecko) Chrome/142.0.0.0 Safari/537.36',NULL,NULL,'2025-11-21 23:04:54'),(593,'Administrador','CREAR','USUARIOS','Usuario creado: ADMINISTRADOR (Login: administrador, Rol: ADMINISTRADOR)','::1','Mozilla/5.0 (Windows NT 10.0; Win64; x64) AppleWebKit/537.36 (KHTML, like Gecko) Chrome/142.0.0.0 Safari/537.36',NULL,'{\"id\":\"8\",\"nombre\":\"ADMINISTRADOR\",\"usuario\":\"administrador\",\"rol\":\"ADMINISTRADOR\",\"estado\":1}','2025-11-21 23:05:12'),(594,'Administrador','ACCESO','USUARIOS','Acceso al listado de usuarios','::1','Mozilla/5.0 (Windows NT 10.0; Win64; x64) AppleWebKit/537.36 (KHTML, like Gecko) Chrome/142.0.0.0 Safari/537.36',NULL,NULL,'2025-11-21 23:05:15'),(595,'Administrador','ACCESO','USUARIOS','Acceso al formulario de creación de usuario','::1','Mozilla/5.0 (Windows NT 10.0; Win64; x64) AppleWebKit/537.36 (KHTML, like Gecko) Chrome/142.0.0.0 Safari/537.36',NULL,NULL,'2025-11-21 23:05:38'),(596,'Administrador','ACCESO','USUARIOS','Acceso a edición de usuario: ADMINISTRADOR','::1','Mozilla/5.0 (Windows NT 10.0; Win64; x64) AppleWebKit/537.36 (KHTML, like Gecko) Chrome/142.0.0.0 Safari/537.36',NULL,NULL,'2025-11-21 23:05:44'),(597,'Administrador','ACCESO','USUARIOS','Acceso a edición de usuario: KEVIN CABALLERO 3','::1','Mozilla/5.0 (Windows NT 10.0; Win64; x64) AppleWebKit/537.36 (KHTML, like Gecko) Chrome/142.0.0.0 Safari/537.36',NULL,NULL,'2025-11-21 23:05:49'),(598,'Administrador','ERROR','USUARIOS','Error al editar usuario: El usuario \'vendedor\' ya está siendo usado por otro usuario','::1','Mozilla/5.0 (Windows NT 10.0; Win64; x64) AppleWebKit/537.36 (KHTML, like Gecko) Chrome/142.0.0.0 Safari/537.36',NULL,NULL,'2025-11-21 23:06:05'),(599,'Administrador','ACCESO','USUARIOS','Acceso al listado de usuarios','::1','Mozilla/5.0 (Windows NT 10.0; Win64; x64) AppleWebKit/537.36 (KHTML, like Gecko) Chrome/142.0.0.0 Safari/537.36',NULL,NULL,'2025-11-21 23:06:07'),(600,'Administrador','ACCESO','USUARIOS','Acceso a edición de usuario: VENDEDOR','::1','Mozilla/5.0 (Windows NT 10.0; Win64; x64) AppleWebKit/537.36 (KHTML, like Gecko) Chrome/142.0.0.0 Safari/537.36',NULL,NULL,'2025-11-21 23:06:10'),(601,'Administrador','EDITAR','USUARIOS','Usuario editado: B VENDEDOR (ID: 6) - Cambios: Nombre: \'VENDEDOR\' → \'B VENDEDOR\'','::1','Mozilla/5.0 (Windows NT 10.0; Win64; x64) AppleWebKit/537.36 (KHTML, like Gecko) Chrome/142.0.0.0 Safari/537.36','{\"nombre\":\"VENDEDOR\",\"usuario\":\"vendedor\",\"rol\":\"VENDEDOR\",\"estado\":1}','{\"nombre\":\"B VENDEDOR\",\"usuario\":\"vendedor\",\"rol\":\"VENDEDOR\",\"estado\":1,\"password_cambiado\":false}','2025-11-21 23:06:15'),(602,'Administrador','ACCESO','USUARIOS','Acceso al listado de usuarios','::1','Mozilla/5.0 (Windows NT 10.0; Win64; x64) AppleWebKit/537.36 (KHTML, like Gecko) Chrome/142.0.0.0 Safari/537.36',NULL,NULL,'2025-11-21 23:06:16'),(603,'Administrador','ACCESO','USUARIOS','Acceso a edición de usuario: ADMINISTRADOR','::1','Mozilla/5.0 (Windows NT 10.0; Win64; x64) AppleWebKit/537.36 (KHTML, like Gecko) Chrome/142.0.0.0 Safari/537.36',NULL,NULL,'2025-11-21 23:06:18'),(604,'Administrador','EDITAR','USUARIOS','Usuario editado: A ADMINISTRADOR (ID: 8) - Cambios: Nombre: \'ADMINISTRADOR\' → \'A ADMINISTRADOR\'','::1','Mozilla/5.0 (Windows NT 10.0; Win64; x64) AppleWebKit/537.36 (KHTML, like Gecko) Chrome/142.0.0.0 Safari/537.36','{\"nombre\":\"ADMINISTRADOR\",\"usuario\":\"administrador\",\"rol\":\"ADMINISTRADOR\",\"estado\":1}','{\"nombre\":\"A ADMINISTRADOR\",\"usuario\":\"administrador\",\"rol\":\"ADMINISTRADOR\",\"estado\":1,\"password_cambiado\":false}','2025-11-21 23:06:22'),(605,'Administrador','ACCESO','USUARIOS','Acceso al listado de usuarios','::1','Mozilla/5.0 (Windows NT 10.0; Win64; x64) AppleWebKit/537.36 (KHTML, like Gecko) Chrome/142.0.0.0 Safari/537.36',NULL,NULL,'2025-11-21 23:06:23'),(606,'Administrador','ACCESO','USUARIOS','Acceso a edición de usuario: Administrador','::1','Mozilla/5.0 (Windows NT 10.0; Win64; x64) AppleWebKit/537.36 (KHTML, like Gecko) Chrome/142.0.0.0 Safari/537.36',NULL,NULL,'2025-11-21 23:06:25'),(607,'Administrador','EDITAR','USUARIOS','Usuario editado: DADMINISTRADOR (ID: 1) - Cambios: Nombre: \'Administrador\' → \'DADMINISTRADOR\'','::1','Mozilla/5.0 (Windows NT 10.0; Win64; x64) AppleWebKit/537.36 (KHTML, like Gecko) Chrome/142.0.0.0 Safari/537.36','{\"nombre\":\"Administrador\",\"usuario\":\"admin\",\"rol\":\"ADMINISTRADOR\",\"estado\":1}','{\"nombre\":\"DADMINISTRADOR\",\"usuario\":\"admin\",\"rol\":\"ADMINISTRADOR\",\"estado\":1,\"password_cambiado\":false}','2025-11-21 23:06:34'),(608,'Administrador','ACCESO','USUARIOS','Acceso al listado de usuarios','::1','Mozilla/5.0 (Windows NT 10.0; Win64; x64) AppleWebKit/537.36 (KHTML, like Gecko) Chrome/142.0.0.0 Safari/537.36',NULL,NULL,'2025-11-21 23:06:35'),(609,'Administrador','ACCESO','USUARIOS','Acceso a edición de usuario: KEVIN CABALLERO 3','::1','Mozilla/5.0 (Windows NT 10.0; Win64; x64) AppleWebKit/537.36 (KHTML, like Gecko) Chrome/142.0.0.0 Safari/537.36',NULL,NULL,'2025-11-21 23:06:38'),(610,'Administrador','EDITAR','USUARIOS','Usuario editado: C CAJERO (ID: 4) - Cambios: Nombre: \'KEVIN CABALLERO 3\' → \'C CAJERO\', Usuario: \'kevin3\' → \'cajero\', Rol: \'ADMINISTRADOR\' → \'CAJERO\', Contraseña actualizada','::1','Mozilla/5.0 (Windows NT 10.0; Win64; x64) AppleWebKit/537.36 (KHTML, like Gecko) Chrome/142.0.0.0 Safari/537.36','{\"nombre\":\"KEVIN CABALLERO 3\",\"usuario\":\"kevin3\",\"rol\":\"ADMINISTRADOR\",\"estado\":1}','{\"nombre\":\"C CAJERO\",\"usuario\":\"cajero\",\"rol\":\"CAJERO\",\"estado\":1,\"password_cambiado\":true}','2025-11-21 23:07:04'),(611,'Administrador','ACCESO','USUARIOS','Acceso al listado de usuarios','::1','Mozilla/5.0 (Windows NT 10.0; Win64; x64) AppleWebKit/537.36 (KHTML, like Gecko) Chrome/142.0.0.0 Safari/537.36',NULL,NULL,'2025-11-21 23:07:05'),(612,'Administrador','ACCESO','CAJA','Acceso a apertura de caja','::1','Mozilla/5.0 (Windows NT 10.0; Win64; x64) AppleWebKit/537.36 (KHTML, like Gecko) Chrome/142.0.0.0 Safari/537.36',NULL,NULL,'2025-11-21 23:09:25'),(613,'Administrador','APERTURA_CAJA','CAJA','Apertura de caja #21 - Saldo inicial: ₲ 0','::1','Mozilla/5.0 (Windows NT 10.0; Win64; x64) AppleWebKit/537.36 (KHTML, like Gecko) Chrome/142.0.0.0 Safari/537.36',NULL,'{\"id_cierre\":\"21\",\"saldo_inicial\":0,\"fecha_apertura\":\"2025-11-21 17:09:00\",\"observaciones\":null}','2025-11-21 23:09:28'),(614,'Administrador','ACCESO','DASHBOARD','Acceso al panel principal','::1','Mozilla/5.0 (Windows NT 10.0; Win64; x64) AppleWebKit/537.36 (KHTML, like Gecko) Chrome/142.0.0.0 Safari/537.36',NULL,NULL,'2025-11-21 23:09:30'),(615,'Administrador','ACCESO','CAJA','Acceso a cierre de caja','::1','Mozilla/5.0 (Windows NT 10.0; Win64; x64) AppleWebKit/537.36 (KHTML, like Gecko) Chrome/142.0.0.0 Safari/537.36',NULL,NULL,'2025-11-21 23:09:36'),(616,'Administrador','CIERRE_CAJA','CAJA','Cierre de caja #21 - Diferencia: ₲ 0','::1','Mozilla/5.0 (Windows NT 10.0; Win64; x64) AppleWebKit/537.36 (KHTML, like Gecko) Chrome/142.0.0.0 Safari/537.36','{\"saldo_inicial\":0,\"estado_anterior\":\"ABIERTA\"}','{\"id_cierre\":21,\"saldo_sistema\":85000,\"saldo_fisico\":85000,\"diferencia\":0,\"total_ingresos\":85000,\"total_egresos\":0,\"estado_nuevo\":\"CERRADA\"}','2025-11-21 23:09:42'),(617,'Administrador','ACCESO','DASHBOARD','Acceso al panel principal','::1','Mozilla/5.0 (Windows NT 10.0; Win64; x64) AppleWebKit/537.36 (KHTML, like Gecko) Chrome/142.0.0.0 Safari/537.36',NULL,NULL,'2025-11-21 23:09:43'),(618,'Administrador','ACCESO','CAJA','Acceso a apertura de caja','::1','Mozilla/5.0 (Windows NT 10.0; Win64; x64) AppleWebKit/537.36 (KHTML, like Gecko) Chrome/142.0.0.0 Safari/537.36',NULL,NULL,'2025-11-21 23:09:47'),(619,'Administrador','APERTURA_CAJA','CAJA','Apertura de caja #22 - Saldo inicial: ₲ 85.000','::1','Mozilla/5.0 (Windows NT 10.0; Win64; x64) AppleWebKit/537.36 (KHTML, like Gecko) Chrome/142.0.0.0 Safari/537.36',NULL,'{\"id_cierre\":\"22\",\"saldo_inicial\":85000,\"fecha_apertura\":\"2025-11-21 17:09:00\",\"observaciones\":null}','2025-11-21 23:09:51'),(620,'Administrador','ACCESO','DASHBOARD','Acceso al panel principal','::1','Mozilla/5.0 (Windows NT 10.0; Win64; x64) AppleWebKit/537.36 (KHTML, like Gecko) Chrome/142.0.0.0 Safari/537.36',NULL,NULL,'2025-11-21 23:09:52'),(621,'Administrador','ACCESO','CAJA','Acceso a cierre de caja','::1','Mozilla/5.0 (Windows NT 10.0; Win64; x64) AppleWebKit/537.36 (KHTML, like Gecko) Chrome/142.0.0.0 Safari/537.36',NULL,NULL,'2025-11-21 23:09:55'),(622,'Administrador','ACCESO','CAJA','Acceso a cierre de caja','::1','Mozilla/5.0 (Windows NT 10.0; Win64; x64) AppleWebKit/537.36 (KHTML, like Gecko) Chrome/142.0.0.0 Safari/537.36',NULL,NULL,'2025-11-21 23:12:07'),(623,'Administrador','CIERRE_CAJA','CAJA','Cierre de caja #22 - Diferencia: ₲ 0','::1','Mozilla/5.0 (Windows NT 10.0; Win64; x64) AppleWebKit/537.36 (KHTML, like Gecko) Chrome/142.0.0.0 Safari/537.36','{\"saldo_inicial\":85000,\"estado_anterior\":\"ABIERTA\"}','{\"id_cierre\":22,\"saldo_sistema\":170000,\"saldo_fisico\":170000,\"diferencia\":0,\"total_ingresos\":85000,\"total_egresos\":0,\"estado_nuevo\":\"CERRADA\"}','2025-11-21 23:12:12'),(624,'Administrador','ACCESO','DASHBOARD','Acceso al panel principal','::1','Mozilla/5.0 (Windows NT 10.0; Win64; x64) AppleWebKit/537.36 (KHTML, like Gecko) Chrome/142.0.0.0 Safari/537.36',NULL,NULL,'2025-11-21 23:12:14'),(625,'Administrador','ACCESO','CAJA','Acceso a apertura de caja','::1','Mozilla/5.0 (Windows NT 10.0; Win64; x64) AppleWebKit/537.36 (KHTML, like Gecko) Chrome/142.0.0.0 Safari/537.36',NULL,NULL,'2025-11-21 23:13:22'),(626,'Administrador','APERTURA_CAJA','CAJA','Apertura de caja #23 - Saldo inicial: ₲ 0','::1','Mozilla/5.0 (Windows NT 10.0; Win64; x64) AppleWebKit/537.36 (KHTML, like Gecko) Chrome/142.0.0.0 Safari/537.36',NULL,'{\"id_cierre\":\"23\",\"saldo_inicial\":0,\"fecha_apertura\":\"2025-11-21 17:13:00\",\"observaciones\":null}','2025-11-21 23:13:25'),(627,'Administrador','ACCESO','CAJA','Acceso a registro de movimiento manual','::1','Mozilla/5.0 (Windows NT 10.0; Win64; x64) AppleWebKit/537.36 (KHTML, like Gecko) Chrome/142.0.0.0 Safari/537.36',NULL,NULL,'2025-11-21 23:14:41'),(628,'Administrador','ACCESO','CAJA','Acceso a registro de movimiento manual','::1','Mozilla/5.0 (Windows NT 10.0; Win64; x64) AppleWebKit/537.36 (KHTML, like Gecko) Chrome/142.0.0.0 Safari/537.36',NULL,NULL,'2025-11-21 23:18:00'),(629,'Administrador','ACCESO','CAJA','Acceso a registro de movimiento manual','::1','Mozilla/5.0 (Windows NT 10.0; Win64; x64) AppleWebKit/537.36 (KHTML, like Gecko) Chrome/142.0.0.0 Safari/537.36',NULL,NULL,'2025-11-21 23:20:54'),(630,'Administrador','ACCESO','CAJA','Acceso a registro de movimiento manual','::1','Mozilla/5.0 (Windows NT 10.0; Win64; x64) AppleWebKit/537.36 (KHTML, like Gecko) Chrome/142.0.0.0 Safari/537.36',NULL,NULL,'2025-11-21 23:21:04'),(631,'Administrador','ACCESO','CAJA','Acceso a registro de movimiento manual','::1','Mozilla/5.0 (Windows NT 10.0; Win64; x64) AppleWebKit/537.36 (KHTML, like Gecko) Chrome/142.0.0.0 Safari/537.36',NULL,NULL,'2025-11-21 23:21:28'),(632,'Administrador','ACCESO','CAJA','Acceso a registro de movimiento manual','::1','Mozilla/5.0 (Windows NT 10.0; Win64; x64) AppleWebKit/537.36 (KHTML, like Gecko) Chrome/142.0.0.0 Safari/537.36',NULL,NULL,'2025-11-21 23:22:32'),(633,'Administrador','ACCESO','CAJA','Acceso a registro de movimiento manual','::1','Mozilla/5.0 (Windows NT 10.0; Win64; x64) AppleWebKit/537.36 (KHTML, like Gecko) Chrome/142.0.0.0 Safari/537.36',NULL,NULL,'2025-11-21 23:22:32'),(634,'Administrador','ACCESO','CAJA','Acceso a registro de movimiento manual','::1','Mozilla/5.0 (Windows NT 10.0; Win64; x64) AppleWebKit/537.36 (KHTML, like Gecko) Chrome/142.0.0.0 Safari/537.36',NULL,NULL,'2025-11-21 23:22:39'),(635,'Administrador','ACCESO','CAJA','Acceso a registro de movimiento manual','::1','Mozilla/5.0 (Windows NT 10.0; Win64; x64) AppleWebKit/537.36 (KHTML, like Gecko) Chrome/142.0.0.0 Safari/537.36',NULL,NULL,'2025-11-21 23:22:44'),(636,'Administrador','ACCESO','CAJA','Acceso a registro de movimiento manual','::1','Mozilla/5.0 (Windows NT 10.0; Win64; x64) AppleWebKit/537.36 (KHTML, like Gecko) Chrome/142.0.0.0 Safari/537.36',NULL,NULL,'2025-11-21 23:25:55'),(637,'Administrador','ACCESO','CAJA','Acceso a registro de movimiento manual','::1','Mozilla/5.0 (Windows NT 10.0; Win64; x64) AppleWebKit/537.36 (KHTML, like Gecko) Chrome/142.0.0.0 Safari/537.36',NULL,NULL,'2025-11-21 23:26:07'),(638,'Administrador','ACCESO','CAJA','Acceso a registro de movimiento manual','::1','Mozilla/5.0 (Windows NT 10.0; Win64; x64) AppleWebKit/537.36 (KHTML, like Gecko) Chrome/142.0.0.0 Safari/537.36',NULL,NULL,'2025-11-21 23:26:13'),(639,'Administrador','ACCESO','CAJA','Acceso a registro de movimiento manual','::1','Mozilla/5.0 (Windows NT 10.0; Win64; x64) AppleWebKit/537.36 (KHTML, like Gecko) Chrome/142.0.0.0 Safari/537.36',NULL,NULL,'2025-11-21 23:27:47'),(640,'Administrador','ACCESO','CAJA','Acceso a registro de movimiento manual','::1','Mozilla/5.0 (Windows NT 10.0; Win64; x64) AppleWebKit/537.36 (KHTML, like Gecko) Chrome/142.0.0.0 Safari/537.36',NULL,NULL,'2025-11-21 23:29:01'),(641,'Administrador','CREAR','CAJA','Movimiento de caja registrado: EGRESO - Pago de Luz (ID: 78)','::1','Mozilla/5.0 (Windows NT 10.0; Win64; x64) AppleWebKit/537.36 (KHTML, like Gecko) Chrome/142.0.0.0 Safari/537.36',NULL,'{\"id_movimiento\":\"78\",\"tipo\":\"EGRESO\",\"categoria\":\"OTRO\",\"concepto\":\"Pago de Luz\",\"monto\":170000,\"fecha\":\"2025-11-21 17:29:00\"}','2025-11-21 23:29:18'),(642,'Administrador','ACCESO','DASHBOARD','Acceso al panel principal','::1','Mozilla/5.0 (Windows NT 10.0; Win64; x64) AppleWebKit/537.36 (KHTML, like Gecko) Chrome/142.0.0.0 Safari/537.36',NULL,NULL,'2025-11-21 23:29:35'),(643,'Administrador','ACCESO','CAJA','Acceso a cierre de caja','::1','Mozilla/5.0 (Windows NT 10.0; Win64; x64) AppleWebKit/537.36 (KHTML, like Gecko) Chrome/142.0.0.0 Safari/537.36',NULL,NULL,'2025-11-21 23:29:46'),(644,'Administrador','ACCESO','CAJA','Acceso a registro de movimiento manual','::1','Mozilla/5.0 (Windows NT 10.0; Win64; x64) AppleWebKit/537.36 (KHTML, like Gecko) Chrome/142.0.0.0 Safari/537.36',NULL,NULL,'2025-11-21 23:30:03'),(645,'Administrador','CREAR','CAJA','Movimiento de caja registrado: INGRESO - Dinero del Jefe (ID: 79)','::1','Mozilla/5.0 (Windows NT 10.0; Win64; x64) AppleWebKit/537.36 (KHTML, like Gecko) Chrome/142.0.0.0 Safari/537.36',NULL,'{\"id_movimiento\":\"79\",\"tipo\":\"INGRESO\",\"categoria\":\"OTRO\",\"concepto\":\"Dinero del Jefe\",\"monto\":85000,\"fecha\":\"2025-11-21 17:30:00\"}','2025-11-21 23:30:21'),(646,'Administrador','ACCESO','DASHBOARD','Acceso al panel principal','::1','Mozilla/5.0 (Windows NT 10.0; Win64; x64) AppleWebKit/537.36 (KHTML, like Gecko) Chrome/142.0.0.0 Safari/537.36',NULL,NULL,'2025-11-21 23:30:26'),(647,'Administrador','ACCESO','CAJA','Acceso a cierre de caja','::1','Mozilla/5.0 (Windows NT 10.0; Win64; x64) AppleWebKit/537.36 (KHTML, like Gecko) Chrome/142.0.0.0 Safari/537.36',NULL,NULL,'2025-11-21 23:30:36'),(648,'Administrador','ACCESO','VENTAS','Acceso a gestión de cuotas','::1','Mozilla/5.0 (Windows NT 10.0; Win64; x64) AppleWebKit/537.36 (KHTML, like Gecko) Chrome/142.0.0.0 Safari/537.36',NULL,NULL,'2025-11-21 23:38:25'),(649,'Administrador','ACCESO','PRODUCTOS','Acceso al listado de productos','::1','Mozilla/5.0 (Windows NT 10.0; Win64; x64) AppleWebKit/537.36 (KHTML, like Gecko) Chrome/142.0.0.0 Safari/537.36',NULL,NULL,'2025-11-21 23:44:09'),(650,'Administrador','ACCESO','CUENTAS_CORRIENTES','Acceso a listado de deudas','::1','Mozilla/5.0 (Windows NT 10.0; Win64; x64) AppleWebKit/537.36 (KHTML, like Gecko) Chrome/142.0.0.0 Safari/537.36',NULL,NULL,'2025-11-21 23:45:45'),(651,'Administrador','ACCESO','CUENTAS_CORRIENTES','Acceso a listado de deudas','::1','Mozilla/5.0 (Windows NT 10.0; Win64; x64) AppleWebKit/537.36 (KHTML, like Gecko) Chrome/142.0.0.0 Safari/537.36',NULL,NULL,'2025-11-21 23:45:48'),(652,'Administrador','ACCESO','CUENTAS_CORRIENTES','Acceso a cuenta corriente del cliente: GHDFB SDFSDFGDSDFSDF','::1','Mozilla/5.0 (Windows NT 10.0; Win64; x64) AppleWebKit/537.36 (KHTML, like Gecko) Chrome/142.0.0.0 Safari/537.36',NULL,NULL,'2025-11-21 23:46:38'),(653,'Administrador','ACCESO','CUENTAS_CORRIENTES','Acceso a listado de deudas','::1','Mozilla/5.0 (Windows NT 10.0; Win64; x64) AppleWebKit/537.36 (KHTML, like Gecko) Chrome/142.0.0.0 Safari/537.36',NULL,NULL,'2025-11-21 23:46:40'),(654,'Administrador','ACCESO','CUENTAS_CORRIENTES','Acceso a listado de deudas','::1','Mozilla/5.0 (Windows NT 10.0; Win64; x64) AppleWebKit/537.36 (KHTML, like Gecko) Chrome/142.0.0.0 Safari/537.36',NULL,NULL,'2025-11-21 23:47:08'),(655,'Administrador','ACCESO','CUENTAS_CORRIENTES','Acceso a formulario de pago - Cliente: KEVIN SEBASTIAN CABALLERO GODOY','::1','Mozilla/5.0 (Windows NT 10.0; Win64; x64) AppleWebKit/537.36 (KHTML, like Gecko) Chrome/142.0.0.0 Safari/537.36',NULL,NULL,'2025-11-21 23:47:09'),(656,'Administrador','ACCESO','AUDITORIA','Acceso al log de actividades','::1','Mozilla/5.0 (Windows NT 10.0; Win64; x64) AppleWebKit/537.36 (KHTML, like Gecko) Chrome/142.0.0.0 Safari/537.36',NULL,NULL,'2025-11-21 23:50:38'),(657,'Administrador','ACCESO','PRODUCTOS','Acceso al listado de productos','::1','Mozilla/5.0 (Windows NT 10.0; Win64; x64) AppleWebKit/537.36 (KHTML, like Gecko) Chrome/142.0.0.0 Safari/537.36',NULL,NULL,'2025-11-21 23:52:12'),(658,'Administrador','ACCESO','PRODUCTOS','Acceso a edición de producto','::1','Mozilla/5.0 (Windows NT 10.0; Win64; x64) AppleWebKit/537.36 (KHTML, like Gecko) Chrome/142.0.0.0 Safari/537.36',NULL,NULL,'2025-11-21 23:52:14'),(659,'Administrador','EDITAR','PRODUCTOS','Producto editado: BIROME AZUL BIC PUNTA GRUESA (ID: 11) - Cambios: Stock: 438 → 450 - Razón: Donación de Biromes','::1','Mozilla/5.0 (Windows NT 10.0; Win64; x64) AppleWebKit/537.36 (KHTML, like Gecko) Chrome/142.0.0.0 Safari/537.36','{\"id\":11,\"nombre_producto\":\"BIROME AZUL BIC PUNTA GRUESA\",\"codigo_producto\":\"987654678765432453\",\"precio_venta\":\"2900.00\",\"stock_actual\":438,\"stock_minimo\":5,\"estado_producto\":1,\"fecha_registro\":\"2025-11-14 21:41:06\",\"usuario_registro\":null,\"usuario_modificacion\":\"KEVIN CABALLERO\",\"fecha_modificacion\":\"2025-11-21 20:36:55\"}','{\"nombre_producto\":\"BIROME AZUL BIC PUNTA GRUESA\",\"codigo_producto\":\"987654678765432453\",\"precio_venta\":\"2900.00\",\"stock_actual\":\"450\",\"stock_minimo\":\"5\",\"estado_producto\":\"1\"}','2025-11-21 23:52:37'),(660,'Administrador','ACCESO','PRODUCTOS','Acceso al listado de productos','::1','Mozilla/5.0 (Windows NT 10.0; Win64; x64) AppleWebKit/537.36 (KHTML, like Gecko) Chrome/142.0.0.0 Safari/537.36',NULL,NULL,'2025-11-21 23:52:39'),(661,'Administrador','ACCESO','AUDITORIA','Acceso al log de actividades','::1','Mozilla/5.0 (Windows NT 10.0; Win64; x64) AppleWebKit/537.36 (KHTML, like Gecko) Chrome/142.0.0.0 Safari/537.36',NULL,NULL,'2025-11-21 23:52:41'),(662,'Administrador','ACCESO','USUARIOS','Acceso al formulario de creación de usuario','::1','Mozilla/5.0 (Windows NT 10.0; Win64; x64) AppleWebKit/537.36 (KHTML, like Gecko) Chrome/142.0.0.0 Safari/537.36',NULL,NULL,'2025-11-21 23:53:52');
/*!40000 ALTER TABLE `log_actividades` ENABLE KEYS */;
UNLOCK TABLES;
DROP TABLE IF EXISTS `notas_credito`;
/*!40101 SET @saved_cs_client     = @@character_set_client */;
/*!50503 SET character_set_client = utf8mb4 */;
CREATE TABLE `notas_credito` (
  `id` int NOT NULL AUTO_INCREMENT,
  `id_venta_original` int NOT NULL,
  `numero_nota` varchar(100) DEFAULT NULL,
  `serie` varchar(50) DEFAULT NULL,
  `fecha_emision` datetime NOT NULL,
  `monto_total` decimal(12,2) NOT NULL,
  `motivo` text NOT NULL,
  `estado` enum('PENDIENTE','EMITIDA','ANULADA') DEFAULT 'PENDIENTE',
  `usuario_genera` varchar(100) NOT NULL,
  `observaciones` text,
  `fecha_registro` timestamp NULL DEFAULT CURRENT_TIMESTAMP,
  PRIMARY KEY (`id`),
  KEY `idx_venta` (`id_venta_original`),
  KEY `idx_estado` (`estado`),
  CONSTRAINT `notas_credito_ibfk_1` FOREIGN KEY (`id_venta_original`) REFERENCES `ventas` (`id`)
) ENGINE=InnoDB DEFAULT CHARSET=utf8mb4 COLLATE=utf8mb4_0900_ai_ci;
/*!40101 SET character_set_client = @saved_cs_client */;

LOCK TABLES `notas_credito` WRITE;
/*!40000 ALTER TABLE `notas_credito` DISABLE KEYS */;
/*!40000 ALTER TABLE `notas_credito` ENABLE KEYS */;
UNLOCK TABLES;
DROP TABLE IF EXISTS `pagos_compra`;
/*!40101 SET @saved_cs_client     = @@character_set_client */;
/*!50503 SET character_set_client = utf8mb4 */;
CREATE TABLE `pagos_compra` (
  `id` int NOT NULL AUTO_INCREMENT,
  `id_compra` int NOT NULL,
  `forma_pago` enum('CONTADO','CREDITO') NOT NULL,
  `cuotas` int DEFAULT NULL,
  `monto_cuota` decimal(10,2) DEFAULT NULL,
  `fecha_vencimiento` date DEFAULT NULL,
  `fecha_registro` timestamp NOT NULL DEFAULT CURRENT_TIMESTAMP,
  PRIMARY KEY (`id`),
  KEY `idx_compra` (`id_compra`)
) ENGINE=InnoDB AUTO_INCREMENT=8 DEFAULT CHARSET=latin1;
/*!40101 SET character_set_client = @saved_cs_client */;

LOCK TABLES `pagos_compra` WRITE;
/*!40000 ALTER TABLE `pagos_compra` DISABLE KEYS */;
INSERT INTO `pagos_compra` VALUES (2,18,'CONTADO',NULL,NULL,NULL,'2025-10-15 00:49:36'),(4,20,'CREDITO',10,20000.00,'2025-10-14','2025-10-15 20:07:45'),(5,21,'CONTADO',NULL,NULL,NULL,'2025-11-05 01:01:54'),(6,22,'CREDITO',10,10000.00,'2025-11-15','2025-11-15 01:21:57');
/*!40000 ALTER TABLE `pagos_compra` ENABLE KEYS */;
UNLOCK TABLES;
DROP TABLE IF EXISTS `pagos_venta`;
/*!40101 SET @saved_cs_client     = @@character_set_client */;
/*!50503 SET character_set_client = utf8mb4 */;
CREATE TABLE `pagos_venta` (
  `id` int NOT NULL AUTO_INCREMENT,
  `id_venta` int NOT NULL,
  `tipo_pago` varchar(50) NOT NULL,
  `monto` decimal(12,2) NOT NULL,
  `fecha_pago` date DEFAULT NULL,
  `referencia` varchar(200) DEFAULT NULL,
  `fecha_registro` timestamp NULL DEFAULT CURRENT_TIMESTAMP,
  PRIMARY KEY (`id`),
  KEY `idx_pv_venta` (`id_venta`),
  CONSTRAINT `fk_pagosventa_venta` FOREIGN KEY (`id_venta`) REFERENCES `ventas` (`id`) ON DELETE CASCADE ON UPDATE CASCADE
) ENGINE=InnoDB DEFAULT CHARSET=utf8mb4 COLLATE=utf8mb4_0900_ai_ci;
/*!40101 SET character_set_client = @saved_cs_client */;

LOCK TABLES `pagos_venta` WRITE;
/*!40000 ALTER TABLE `pagos_venta` DISABLE KEYS */;
/*!40000 ALTER TABLE `pagos_venta` ENABLE KEYS */;
UNLOCK TABLES;
DROP TABLE IF EXISTS `productos`;
/*!40101 SET @saved_cs_client     = @@character_set_client */;
/*!50503 SET character_set_client = utf8mb4 */;
CREATE TABLE `productos` (
  `id` int NOT NULL AUTO_INCREMENT,
  `nombre_producto` varchar(150) NOT NULL,
  `codigo_producto` varchar(50) DEFAULT NULL,
  `precio_venta` decimal(10,2) NOT NULL,
  `stock_actual` int DEFAULT '0',
  `stock_minimo` int DEFAULT '5',
  `estado_producto` tinyint(1) DEFAULT '1',
  `fecha_registro` timestamp NOT NULL DEFAULT CURRENT_TIMESTAMP,
  `usuario_registro` varchar(100) DEFAULT NULL,
  `usuario_modificacion` varchar(100) DEFAULT NULL,
  `fecha_modificacion` timestamp NULL DEFAULT NULL ON UPDATE CURRENT_TIMESTAMP,
  PRIMARY KEY (`id`),
  UNIQUE KEY `codigo_producto` (`codigo_producto`)
) ENGINE=InnoDB AUTO_INCREMENT=12 DEFAULT CHARSET=latin1;
/*!40101 SET character_set_client = @saved_cs_client */;

LOCK TABLES `productos` WRITE;
/*!40000 ALTER TABLE `productos` DISABLE KEYS */;
INSERT INTO `productos` VALUES (1,'BIROME BIC AZUL','',3000.00,20,10,1,'2025-09-24 20:39:01',NULL,NULL,'2025-11-21 23:47:04'),(2,'RESMA A4','2343342432',50000.00,370,10,1,'2025-09-25 21:51:26',NULL,NULL,'2025-11-21 23:43:07'),(3,'RESMA A5+','23456787654',30000.00,430,20,1,'2025-09-30 21:42:56',NULL,NULL,'2025-11-05 01:01:54'),(5,'BORRADOR','4353456789',3000.00,70,5,1,'2025-10-15 00:20:00',NULL,NULL,'2025-11-21 21:12:36'),(7,'PINCEL NEGRO PARA PIZARRA','2343234',7000.00,23,2,1,'2025-11-11 19:51:14',NULL,NULL,NULL),(8,'BIROME CAPIBARA ROTATORIO','234234',10000.00,13,1,1,'2025-11-11 19:52:09',NULL,NULL,NULL),(10,'REGLA 30CM','2222222222222',1000.00,0,5,1,'2025-11-11 19:56:52',NULL,NULL,NULL),(11,'BIROME AZUL BIC PUNTA GRUESA','987654678765432453',2900.00,450,5,1,'2025-11-15 00:41:06',NULL,'Administrador','2025-11-21 23:52:37');
/*!40000 ALTER TABLE `productos` ENABLE KEYS */;
UNLOCK TABLES;
DROP TABLE IF EXISTS `proveedor_producto`;
/*!40101 SET @saved_cs_client     = @@character_set_client */;
/*!50503 SET character_set_client = utf8mb4 */;
CREATE TABLE `proveedor_producto` (
  `id` int NOT NULL AUTO_INCREMENT,
  `id_proveedor` int NOT NULL,
  `id_producto` int NOT NULL,
  `precio_compra` decimal(10,2) NOT NULL DEFAULT '0.00',
  `fecha_registro` timestamp NOT NULL DEFAULT CURRENT_TIMESTAMP,
  PRIMARY KEY (`id`),
  UNIQUE KEY `unique_proveedor_producto` (`id_proveedor`,`id_producto`),
  KEY `id_producto` (`id_producto`),
  CONSTRAINT `fk_pp_producto` FOREIGN KEY (`id_producto`) REFERENCES `productos` (`id`) ON DELETE CASCADE ON UPDATE CASCADE,
  CONSTRAINT `fk_pp_proveedor` FOREIGN KEY (`id_proveedor`) REFERENCES `proveedores` (`id`) ON DELETE CASCADE ON UPDATE CASCADE
) ENGINE=InnoDB AUTO_INCREMENT=69 DEFAULT CHARSET=latin1;
/*!40101 SET character_set_client = @saved_cs_client */;

LOCK TABLES `proveedor_producto` WRITE;
/*!40000 ALTER TABLE `proveedor_producto` DISABLE KEYS */;
INSERT INTO `proveedor_producto` VALUES (16,2,3,20000.00,'2025-09-30 21:42:56'),(17,3,3,19000.00,'2025-09-30 21:42:56'),(21,1,1,1000.00,'2025-09-30 21:44:05'),(22,2,2,3000.00,'2025-09-30 21:44:34'),(23,6,2,5000.00,'2025-09-30 21:44:34'),(26,4,3,25000.00,'2025-10-07 23:38:48'),(27,4,1,1500.00,'2025-10-07 23:38:48'),(28,4,2,40000.00,'2025-10-07 23:38:48'),(29,2,5,0.00,'2025-10-15 00:20:00'),(30,3,5,0.00,'2025-10-15 00:20:00'),(31,1,5,0.00,'2025-10-15 00:20:00'),(36,7,5,2000.00,'2025-10-19 14:25:01'),(37,7,2,20000.00,'2025-10-19 14:25:01'),(38,7,3,20000.00,'2025-10-19 14:25:01'),(39,7,1,2000.00,'2025-10-19 14:25:01'),(44,4,8,6000.00,'2025-11-11 19:52:09'),(56,8,2,30000.00,'2025-11-15 00:40:20'),(67,3,11,2500.00,'2025-11-21 23:52:37'),(68,8,11,5000.00,'2025-11-21 23:52:37');
/*!40000 ALTER TABLE `proveedor_producto` ENABLE KEYS */;
UNLOCK TABLES;
DROP TABLE IF EXISTS `proveedores`;
/*!40101 SET @saved_cs_client     = @@character_set_client */;
/*!50503 SET character_set_client = utf8mb4 */;
CREATE TABLE `proveedores` (
  `id` int NOT NULL AUTO_INCREMENT,
  `nombre_proveedor` varchar(150) NOT NULL,
  `telefono_proveedor` varchar(20) DEFAULT NULL,
  `direccion_proveedor` varchar(200) DEFAULT NULL,
  `estado_proveedor` tinyint(1) NOT NULL DEFAULT '1',
  `fecha_registro` timestamp NOT NULL DEFAULT CURRENT_TIMESTAMP,
  `usuario_registro` varchar(100) DEFAULT NULL,
  `usuario_modificacion` varchar(100) DEFAULT NULL,
  `fecha_modificacion` timestamp NULL DEFAULT NULL ON UPDATE CURRENT_TIMESTAMP,
  PRIMARY KEY (`id`)
) ENGINE=InnoDB AUTO_INCREMENT=9 DEFAULT CHARSET=latin1;
/*!40101 SET character_set_client = @saved_cs_client */;

LOCK TABLES `proveedores` WRITE;
/*!40000 ALTER TABLE `proveedores` DISABLE KEYS */;
INSERT INTO `proveedores` VALUES (1,'ALAMON\'T','13231','K',1,'2025-09-19 00:27:15',NULL,NULL,NULL),(2,'ALAMO ORIGI','13231','',1,'2025-09-19 00:27:52',NULL,NULL,NULL),(3,'ALAMO2','34223',NULL,1,'2025-09-21 01:30:47',NULL,NULL,NULL),(4,'OFIMARKET','1323133','',1,'2025-09-21 05:48:58',NULL,NULL,NULL),(6,'SANTEI','','ECARNAYORK',1,'2025-09-30 00:21:07',NULL,NULL,NULL),(7,'OOOOOO','032032023','DSDSFLDSLKÑSDFKLÑ',1,'2025-10-15 00:21:19',NULL,NULL,NULL),(8,'SANCET','5643535353','ENCARNACION',1,'2025-11-15 00:39:46',NULL,NULL,'2025-11-15 00:40:20');
/*!40000 ALTER TABLE `proveedores` ENABLE KEYS */;
UNLOCK TABLES;
DROP TABLE IF EXISTS `series_comprobantes`;
/*!40101 SET @saved_cs_client     = @@character_set_client */;
/*!50503 SET character_set_client = utf8mb4 */;
CREATE TABLE `series_comprobantes` (
  `id` int NOT NULL AUTO_INCREMENT,
  `tipo_comprobante` varchar(50) NOT NULL,
  `serie` varchar(50) NOT NULL,
  `ultimo_numero` int NOT NULL DEFAULT '0',
  `created_at` timestamp NULL DEFAULT CURRENT_TIMESTAMP,
  `updated_at` timestamp NULL DEFAULT CURRENT_TIMESTAMP ON UPDATE CURRENT_TIMESTAMP,
  PRIMARY KEY (`id`),
  UNIQUE KEY `uk_tipo_serie` (`tipo_comprobante`,`serie`)
) ENGINE=InnoDB DEFAULT CHARSET=utf8mb4 COLLATE=utf8mb4_0900_ai_ci;
/*!40101 SET character_set_client = @saved_cs_client */;

LOCK TABLES `series_comprobantes` WRITE;
/*!40000 ALTER TABLE `series_comprobantes` DISABLE KEYS */;
/*!40000 ALTER TABLE `series_comprobantes` ENABLE KEYS */;
UNLOCK TABLES;
DROP TABLE IF EXISTS `servicios`;
/*!40101 SET @saved_cs_client     = @@character_set_client */;
/*!50503 SET character_set_client = utf8mb4 */;
CREATE TABLE `servicios` (
  `id` int NOT NULL AUTO_INCREMENT,
  `nombre_servicio` varchar(200) NOT NULL,
  `categoria_servicio` varchar(200) NOT NULL,
  `precio_sugerido` decimal(10,2) DEFAULT '0.00',
  `estado_servicio` tinyint(1) DEFAULT '1',
  `fecha_ingreso` timestamp NOT NULL DEFAULT CURRENT_TIMESTAMP,
  `usuario_registro` varchar(100) DEFAULT NULL,
  `usuario_modificacion` varchar(100) DEFAULT NULL,
  `fecha_modificacion` timestamp NULL DEFAULT NULL ON UPDATE CURRENT_TIMESTAMP,
  PRIMARY KEY (`id`)
) ENGINE=InnoDB AUTO_INCREMENT=20 DEFAULT CHARSET=latin1;
/*!40101 SET character_set_client = @saved_cs_client */;

LOCK TABLES `servicios` WRITE;
/*!40000 ALTER TABLE `servicios` DISABLE KEYS */;
INSERT INTO `servicios` VALUES (13,'MANTENIMIENTO DE IMPRESORA','MATEMATICA',0.00,1,'2025-10-08 18:56:54',NULL,NULL,NULL),(14,'MANTENIMIENTO DE LAPTOP','MATEMATICA',0.00,1,'2025-10-08 20:17:21',NULL,NULL,NULL),(15,'MANTENIMIENTO DE PC DE ESCRITORIO','MANTENIMIENTO',0.00,1,'2025-10-19 18:52:54',NULL,NULL,NULL),(16,'IMPRESIóN A COLOR','IMPRESIONES',1000.00,1,'2025-10-20 22:17:56',NULL,NULL,NULL),(17,'FOTOCOPIAS','IMPRESION',250.00,1,'2025-10-20 22:23:14',NULL,NULL,NULL),(18,'TRABAJO PRáCTICO','TRABAJOS PRÁCTICOS',0.00,1,'2025-11-09 07:32:46',NULL,NULL,NULL),(19,'TRABAJO PRáCTICO 2','TRABAJOS PRÁCTICOS',40000.00,1,'2025-11-15 01:20:09',NULL,NULL,'2025-11-15 01:20:23');
/*!40000 ALTER TABLE `servicios` ENABLE KEYS */;
UNLOCK TABLES;
DROP TABLE IF EXISTS `usuarios`;
/*!40101 SET @saved_cs_client     = @@character_set_client */;
/*!50503 SET character_set_client = utf8mb4 */;
CREATE TABLE `usuarios` (
  `id` int NOT NULL AUTO_INCREMENT,
  `nombre_usuario` varchar(100) NOT NULL,
  `usuario` varchar(50) NOT NULL,
  `password` varchar(255) NOT NULL,
  `rol` enum('ADMINISTRADOR','CAJERO','VENDEDOR') DEFAULT 'VENDEDOR',
  `estado` tinyint(1) DEFAULT '1',
  `fecha_registro` timestamp NULL DEFAULT CURRENT_TIMESTAMP,
  `ultimo_acceso` timestamp NULL DEFAULT NULL,
  `intentos_fallidos` int DEFAULT '0',
  `bloqueado_hasta` timestamp NULL DEFAULT NULL,
  PRIMARY KEY (`id`),
  UNIQUE KEY `usuario` (`usuario`)
) ENGINE=InnoDB AUTO_INCREMENT=9 DEFAULT CHARSET=utf8mb4 COLLATE=utf8mb4_0900_ai_ci;
/*!40101 SET character_set_client = @saved_cs_client */;

LOCK TABLES `usuarios` WRITE;
/*!40000 ALTER TABLE `usuarios` DISABLE KEYS */;
INSERT INTO `usuarios` VALUES (1,'DADMINISTRADOR','admin','$2y$10$92IXUNpkjO0rOQ5byMi.Ye4oKoEa3Ro9llC/.og/at2.uheWG/igi','ADMINISTRADOR',1,'2025-11-02 17:16:46','2025-11-21 23:04:42',0,NULL),(2,'KEVIN CABALLERO','kevin','$2y$10$PqxbCX.36728TxpciRKMI.9w4w7lvpXjZYZVjNeMrmSE3FbwVlnBK','ADMINISTRADOR',1,'2025-11-05 01:14:18','2025-11-15 00:35:05',0,NULL),(3,'KEVIN CABALLERO 2','kevinsec','$2y$10$2Ypzb54lDJUG5l71AVn8lezWL5lvV2JmmzTn3MYataua8GdOBrsiW','ADMINISTRADOR',1,'2025-11-05 01:14:35','2025-11-05 16:08:33',0,NULL),(4,'C CAJERO','cajero','$2y$10$IRLQQSrU2ITMV4ma8rT.IeLbGenvf18pWhcWsd9uGMNYMIfSWqHUC','CAJERO',1,'2025-11-05 01:14:47',NULL,0,NULL),(5,'KEVIN CABALLERO 4','admin2','$2y$10$fXnEE5KuPaxev4ATeBDkDuPxC6a0Yc1cNr9RmLyT/04c4LBzNPWI2','VENDEDOR',1,'2025-11-05 01:15:29',NULL,0,NULL),(6,'B VENDEDOR','vendedor','$2y$10$lZGxAyzhIfu6mrF941Ft1.Y8BrYRtMTAkBiHKHlMYCPAqjJoyEfGu','VENDEDOR',1,'2025-11-05 01:19:52','2025-11-09 19:36:13',0,NULL),(7,'PRUEBA','pruebin','$2y$10$Et..EwpS9JnnNbxibm0PK.PPsSfJRbY3hwZbl1nBS.BB36N1qdpgq','VENDEDOR',1,'2025-11-15 01:32:38','2025-11-15 01:33:29',0,NULL),(8,'A ADMINISTRADOR','administrador','$2y$10$JcKWnG1U/u6ina8hsbJmO.CDe48g.1ioAhEhSA50Nz9nqSZqiBqJK','ADMINISTRADOR',1,'2025-11-21 23:05:12',NULL,0,NULL);
/*!40000 ALTER TABLE `usuarios` ENABLE KEYS */;
UNLOCK TABLES;
DROP TABLE IF EXISTS `v_productos_bajo_stock`;
/*!50001 DROP VIEW IF EXISTS `v_productos_bajo_stock`*/;
SET @saved_cs_client     = @@character_set_client;
/*!50503 SET character_set_client = utf8mb4 */;
/*!50001 CREATE VIEW `v_productos_bajo_stock` AS SELECT 
 1 AS `id`,
 1 AS `nombre_producto`,
 1 AS `codigo_producto`,
 1 AS `stock_actual`,
 1 AS `stock_minimo`,
 1 AS `faltante`,
 1 AS `nivel_alerta`*/;
SET character_set_client = @saved_cs_client;
DROP TABLE IF EXISTS `v_productos_mas_vendidos`;
/*!50001 DROP VIEW IF EXISTS `v_productos_mas_vendidos`*/;
SET @saved_cs_client     = @@character_set_client;
/*!50503 SET character_set_client = utf8mb4 */;
/*!50001 CREATE VIEW `v_productos_mas_vendidos` AS SELECT 
 1 AS `id_producto`,
 1 AS `nombre_producto`,
 1 AS `total_vendido`,
 1 AS `num_ventas`,
 1 AS `ingresos_generados`*/;
SET character_set_client = @saved_cs_client;
DROP TABLE IF EXISTS `v_resumen_caja`;
/*!50001 DROP VIEW IF EXISTS `v_resumen_caja`*/;
SET @saved_cs_client     = @@character_set_client;
/*!50503 SET character_set_client = utf8mb4 */;
/*!50001 CREATE VIEW `v_resumen_caja` AS SELECT 
 1 AS `fecha`,
 1 AS `total_ingresos`,
 1 AS `total_egresos`,
 1 AS `saldo_dia`*/;
SET character_set_client = @saved_cs_client;
DROP TABLE IF EXISTS `v_servicios_mas_solicitados`;
/*!50001 DROP VIEW IF EXISTS `v_servicios_mas_solicitados`*/;
SET @saved_cs_client     = @@character_set_client;
/*!50503 SET character_set_client = utf8mb4 */;
/*!50001 CREATE VIEW `v_servicios_mas_solicitados` AS SELECT 
 1 AS `id_servicio`,
 1 AS `nombre_servicio`,
 1 AS `veces_solicitado`,
 1 AS `cantidad_total`,
 1 AS `precio_promedio`,
 1 AS `ingresos_generados`*/;
SET character_set_client = @saved_cs_client;
DROP TABLE IF EXISTS `ventas`;
/*!40101 SET @saved_cs_client     = @@character_set_client */;
/*!50503 SET character_set_client = utf8mb4 */;
CREATE TABLE `ventas` (
  `id` int NOT NULL AUTO_INCREMENT,
  `id_cliente` int DEFAULT NULL COMMENT 'NULL = Venta sin cliente registrado',
  `es_factura_legal` tinyint(1) NOT NULL DEFAULT '0',
  `tipo_comprobante` varchar(50) DEFAULT NULL,
  `serie` varchar(50) DEFAULT NULL,
  `numero_venta` varchar(50) DEFAULT NULL COMMENT 'Número de factura/ticket',
  `condicion_venta` enum('CONTADO','CREDITO') NOT NULL DEFAULT 'CONTADO',
  `forma_pago` varchar(50) DEFAULT 'CONTADO',
  `cuotas` int DEFAULT '1',
  `fecha_vencimiento_primera` date DEFAULT NULL,
  `fecha_venta` datetime NOT NULL,
  `subtotal` decimal(10,2) NOT NULL DEFAULT '0.00',
  `descuento` decimal(10,2) NOT NULL DEFAULT '0.00',
  `iva_total` decimal(12,2) NOT NULL DEFAULT '0.00',
  `usuario_id` int DEFAULT NULL,
  `total_venta` decimal(10,2) NOT NULL DEFAULT '0.00',
  `observaciones` text,
  `estado_venta` tinyint(1) NOT NULL DEFAULT '1' COMMENT '1=Activa, 0=Anulada',
  `fecha_registro` timestamp NOT NULL DEFAULT CURRENT_TIMESTAMP,
  `fecha_anulacion` datetime DEFAULT NULL,
  `motivo_anulacion` text,
  `usuario_anula` varchar(100) DEFAULT NULL,
  `usuario_registro` varchar(100) DEFAULT NULL,
  PRIMARY KEY (`id`),
  UNIQUE KEY `uk_ventas_tipo_serie_num` (`tipo_comprobante`,`serie`,`numero_venta`),
  KEY `idx_cliente` (`id_cliente`),
  KEY `idx_fecha` (`fecha_venta`),
  KEY `idx_estado` (`estado_venta`),
  KEY `idx_fecha_anulacion` (`fecha_anulacion`),
  KEY `idx_usuario_anula` (`usuario_anula`)
) ENGINE=InnoDB AUTO_INCREMENT=36 DEFAULT CHARSET=latin1;
/*!40101 SET character_set_client = @saved_cs_client */;

LOCK TABLES `ventas` WRITE;
/*!40000 ALTER TABLE `ventas` DISABLE KEYS */;
INSERT INTO `ventas` VALUES (1,3,0,NULL,NULL,'234567234','CONTADO','CONTADO',1,NULL,'2025-10-12 00:00:00',48000.00,0.00,0.00,NULL,48000.00,'',0,'2025-10-12 18:39:35',NULL,NULL,NULL,NULL),(2,3,0,NULL,NULL,'324456778965','CONTADO','CONTADO',1,NULL,'2025-10-13 00:00:00',430000.00,0.00,0.00,NULL,430000.00,'',0,'2025-10-14 02:03:30',NULL,NULL,NULL,NULL),(3,5,0,NULL,NULL,'4356879','CONTADO','CONTADO',1,NULL,'2025-10-13 00:00:00',560000.00,0.00,0.00,NULL,560000.00,'',0,'2025-10-15 19:56:31',NULL,NULL,NULL,NULL),(4,1,0,NULL,NULL,NULL,'CONTADO','CONTADO',1,NULL,'2025-10-16 00:00:00',3000.00,0.00,0.00,NULL,3000.00,'',1,'2025-10-15 19:57:08',NULL,NULL,NULL,NULL),(5,1,0,'TICKET',NULL,'0000001','CREDITO','CONTADO',5,'2026-02-28','2025-10-19 00:00:00',250000.00,0.00,0.00,NULL,275000.00,'',0,'2025-10-19 23:15:33','2025-11-13 22:44:26','sd','Administrador',NULL),(6,3,1,'FACTURA',NULL,NULL,'CONTADO','CONTADO',NULL,NULL,'2025-10-22 00:00:00',60000.00,0.00,0.00,NULL,66000.00,'',0,'2025-10-22 00:39:29','2025-11-02 21:21:49','wergh','ADMIN',NULL),(7,1,0,'TICKET',NULL,'0000007','CREDITO','TARJETA',12,'2025-10-26','2025-10-22 00:00:00',678250.00,0.00,0.00,NULL,746075.00,'',1,'2025-10-22 21:15:59',NULL,NULL,NULL,NULL),(8,1,1,'FACTURA',NULL,NULL,'CREDITO','TRANSFERENCIA',3,'2025-10-23','2025-10-22 00:00:00',500000.00,0.00,0.00,NULL,550000.00,'',1,'2025-10-22 21:17:48',NULL,NULL,NULL,NULL),(9,3,0,'TICKET',NULL,'0000009','CONTADO','CONTADO',1,NULL,'2025-10-23 00:00:00',51000.00,0.00,0.00,NULL,51000.00,'',0,'2025-10-23 22:55:29',NULL,NULL,NULL,NULL),(10,3,0,'FACTURA',NULL,'001-001-0000835','CONTADO','CONTADO',1,NULL,'2025-10-23 00:00:00',3000.00,0.00,0.00,NULL,3000.00,'',0,'2025-10-23 22:56:26','2025-11-02 21:21:03','prueba444','ADMIN',NULL),(11,7,0,'FACTURA',NULL,'001-001-0000836','CONTADO','CONTADO',1,NULL,'2025-10-24 00:08:00',1130000.00,0.00,0.00,NULL,1130000.00,'',0,'2025-10-24 00:09:48','2025-11-02 16:09:29','prueba23','ADMIN',NULL),(12,7,0,'FACTURA',NULL,'001-001-0000837','CONTADO','CONTADO',1,NULL,'2025-10-24 21:41:00',250000.00,0.00,0.00,NULL,250000.00,'',0,'2025-10-24 21:42:36','2025-11-02 13:21:45','Prueba 1','ADMIN',NULL),(13,7,0,'FACTURA',NULL,'001-001-0000838','CONTADO','CONTADO',1,NULL,'2025-10-24 19:15:00',1575000.00,0.00,0.00,NULL,1575000.00,'',0,'2025-10-24 22:17:40','2025-11-02 16:13:10','wdsfghkjl','ADMIN',NULL),(14,7,0,'FACTURA',NULL,'001-001-0000839','CONTADO','CONTADO',1,NULL,'2025-10-24 19:42:00',27000.00,0.00,0.00,NULL,27000.00,'',0,'2025-10-24 22:43:22','2025-11-02 13:23:03','wery','ADMIN',NULL),(15,7,0,'FACTURA',NULL,'001-001-0000840','CONTADO','CONTADO',1,NULL,'2025-10-29 18:34:00',55000.00,0.00,0.00,NULL,55000.00,'',0,'2025-10-29 21:35:27',NULL,NULL,NULL,NULL),(16,1,0,'FACTURA',NULL,'001-001-0000841','CREDITO','CONTADO',1,NULL,'2025-11-05 16:47:00',30000.00,0.00,0.00,NULL,30000.00,'',0,'2025-11-05 19:48:19','2025-11-05 16:51:11','Anulación de prueba','ADMIN',NULL),(17,NULL,0,NULL,NULL,NULL,'CONTADO','CONTADO',1,NULL,'2025-11-05 16:48:00',20000.00,0.00,0.00,NULL,20000.00,'',0,'2025-11-05 19:48:50','2025-11-09 04:40:21','asd','KEVIN CABALLERO',NULL),(18,NULL,0,'TICKET',NULL,'0000018','CONTADO','CONTADO',1,NULL,'2025-11-05 16:49:00',12500.00,0.00,0.00,NULL,12500.00,'',0,'2025-11-05 19:49:31','2025-11-09 04:40:01','si','KEVIN CABALLERO',NULL),(19,1,0,'FACTURA',NULL,'001-001-0000842','CONTADO','CONTADO',1,NULL,'2025-11-05 17:03:00',3000.00,0.00,0.00,NULL,3000.00,'',0,'2025-11-05 20:05:35','2025-11-05 17:05:58','a','ADMIN',NULL),(20,7,0,'FACTURA',NULL,'001-001-0000843','CONTADO','CONTADO',1,NULL,'2025-11-05 17:06:00',3000.00,0.00,0.00,NULL,3000.00,'',0,'2025-11-05 20:06:24','2025-11-05 17:21:02','dsfgh','KEVIN CABALLERO',NULL),(21,6,0,'FACTURA',NULL,'001-001-0000844','CONTADO','CONTADO',1,NULL,'2025-11-05 17:09:00',3000.00,0.00,0.00,NULL,3000.00,'',0,'2025-11-05 20:09:54','2025-11-05 17:13:15','asdfg','KEVIN CABALLERO',NULL),(22,7,0,'FACTURA',NULL,'001-001-0000845','CREDITO','CONTADO',1,NULL,'2025-11-09 15:01:00',610000.00,0.00,0.00,NULL,610000.00,'',0,'2025-11-09 18:02:36','2025-11-13 22:43:17','prueba de anulación de credito','Administrador',NULL),(23,8,0,'FACTURA',NULL,'001-001-0000846','CREDITO','CONTADO',1,NULL,'2025-11-09 15:05:00',50000.00,0.00,0.00,NULL,50000.00,'',1,'2025-11-09 18:05:50',NULL,NULL,NULL,NULL),(24,8,0,'FACTURA',NULL,'001-001-0000847','CREDITO','CONTADO',1,NULL,'2025-11-09 15:06:00',10000.00,0.00,0.00,NULL,10000.00,'',0,'2025-11-09 18:07:24','2025-11-09 15:07:58','l','KEVIN CABALLERO',NULL),(25,1,0,'TICKET',NULL,'0000025','CONTADO','FIADO',1,NULL,'2025-11-09 15:37:00',2500.00,0.00,0.00,NULL,2500.00,'',1,'2025-11-09 18:37:28',NULL,NULL,NULL,NULL),(26,1,0,'TICKET',NULL,'0000026','CONTADO','FIADO',1,NULL,'2025-11-09 15:40:00',25000.00,0.00,0.00,NULL,25000.00,'',1,'2025-11-09 18:40:22',NULL,NULL,NULL,NULL),(27,1,0,'TICKET',NULL,'0000027','CONTADO','CONTADO',1,NULL,'2025-11-10 23:14:00',3000000.00,0.00,0.00,NULL,3000000.00,'',1,'2025-11-11 02:15:11',NULL,NULL,NULL,NULL),(28,1,0,'FACTURA',NULL,'001-001-0000848','CREDITO','CONTADO',1,NULL,'2025-11-13 22:51:00',900000.00,0.00,0.00,NULL,900000.00,'',1,'2025-11-14 01:52:34',NULL,NULL,NULL,NULL),(29,1,0,'TICKET',NULL,'0000029','CONTADO','CONTADO',1,NULL,'2025-11-14 22:23:00',29000.00,0.00,0.00,NULL,29000.00,'',0,'2025-11-15 01:23:53','2025-11-14 22:25:06','prueba anulación','KEVIN CABALLERO',NULL),(30,1,0,'FACTURA',NULL,'001-001-0000849','CREDITO','CONTADO',1,NULL,'2025-11-14 22:24:00',50000.00,0.00,0.00,NULL,50000.00,'',1,'2025-11-15 01:24:46',NULL,NULL,NULL,NULL),(31,7,0,'TICKET',NULL,'0000031','CONTADO','FIADO',1,NULL,'2025-11-14 22:29:00',40000.00,0.00,0.00,NULL,40000.00,'',1,'2025-11-15 01:29:39',NULL,NULL,NULL,NULL),(32,1,0,'TICKET',NULL,'0000032','CONTADO','CONTADO',1,NULL,'2025-11-21 18:10:00',30000.00,0.00,0.00,NULL,30000.00,'',1,'2025-11-21 21:11:07',NULL,NULL,NULL,NULL),(33,1,0,'TICKET',NULL,'0000033','CONTADO','CONTADO',1,NULL,'2025-11-21 18:12:00',30000.00,0.00,0.00,NULL,30000.00,'',1,'2025-11-21 21:12:36',NULL,NULL,NULL,NULL),(34,NULL,0,'TICKET',NULL,'0000034','CONTADO','CONTADO',1,NULL,'2025-11-21 20:33:00',5800.00,0.00,0.00,NULL,5800.00,'',1,'2025-11-21 23:36:55',NULL,NULL,NULL,NULL),(35,1,0,'TICKET',NULL,'0000035','CONTADO','FIADO',1,NULL,'2025-11-21 20:46:00',30000.00,0.00,0.00,NULL,30000.00,'',1,'2025-11-21 23:47:04',NULL,NULL,NULL,NULL);
/*!40000 ALTER TABLE `ventas` ENABLE KEYS */;
UNLOCK TABLES;
/*!50001 DROP VIEW IF EXISTS `v_productos_bajo_stock`*/;
/*!50001 SET @saved_cs_client          = @@character_set_client */;
/*!50001 SET @saved_cs_results         = @@character_set_results */;
/*!50001 SET @saved_col_connection     = @@collation_connection */;
/*!50001 SET character_set_client      = utf8mb4 */;
/*!50001 SET character_set_results     = utf8mb4 */;
/*!50001 SET collation_connection      = utf8mb4_0900_ai_ci */;
/*!50001 CREATE ALGORITHM=UNDEFINED */
/*!50013 DEFINER=`root`@`localhost` SQL SECURITY DEFINER */
/*!50001 VIEW `v_productos_bajo_stock` AS select `p`.`id` AS `id`,`p`.`nombre_producto` AS `nombre_producto`,`p`.`codigo_producto` AS `codigo_producto`,`p`.`stock_actual` AS `stock_actual`,`p`.`stock_minimo` AS `stock_minimo`,(`p`.`stock_minimo` - `p`.`stock_actual`) AS `faltante`,(case when (`p`.`stock_actual` = 0) then 'CRÍTICO' when (`p`.`stock_actual` <= (`p`.`stock_minimo` * 0.5)) then 'MUY BAJO' when (`p`.`stock_actual` <= `p`.`stock_minimo`) then 'BAJO' else 'NORMAL' end) AS `nivel_alerta` from `productos` `p` where ((`p`.`stock_actual` <= `p`.`stock_minimo`) and (`p`.`estado_producto` = 1)) order by (case when (`p`.`stock_actual` = 0) then 1 when (`p`.`stock_actual` <= (`p`.`stock_minimo` * 0.5)) then 2 when (`p`.`stock_actual` <= `p`.`stock_minimo`) then 3 else 4 end),`p`.`stock_actual` */;
/*!50001 SET character_set_client      = @saved_cs_client */;
/*!50001 SET character_set_results     = @saved_cs_results */;
/*!50001 SET collation_connection      = @saved_col_connection */;
/*!50001 DROP VIEW IF EXISTS `v_productos_mas_vendidos`*/;
/*!50001 SET @saved_cs_client          = @@character_set_client */;
/*!50001 SET @saved_cs_results         = @@character_set_results */;
/*!50001 SET @saved_col_connection     = @@collation_connection */;
/*!50001 SET character_set_client      = utf8mb4 */;
/*!50001 SET character_set_results     = utf8mb4 */;
/*!50001 SET collation_connection      = utf8mb4_0900_ai_ci */;
/*!50001 CREATE ALGORITHM=UNDEFINED */
/*!50013 DEFINER=`root`@`localhost` SQL SECURITY DEFINER */
/*!50001 VIEW `v_productos_mas_vendidos` AS select `dv`.`id_item` AS `id_producto`,`dv`.`descripcion` AS `nombre_producto`,sum(`dv`.`cantidad`) AS `total_vendido`,count(distinct `dv`.`id_venta`) AS `num_ventas`,sum(`dv`.`subtotal`) AS `ingresos_generados` from (`detalle_ventas` `dv` join `ventas` `v` on((`dv`.`id_venta` = `v`.`id`))) where ((`dv`.`tipo_item` = 'PRODUCTO') and (`v`.`estado_venta` = 1)) group by `dv`.`id_item`,`dv`.`descripcion` order by `total_vendido` desc limit 0,10 */;
/*!50001 SET character_set_client      = @saved_cs_client */;
/*!50001 SET character_set_results     = @saved_cs_results */;
/*!50001 SET collation_connection      = @saved_col_connection */;
/*!50001 DROP VIEW IF EXISTS `v_resumen_caja`*/;
/*!50001 SET @saved_cs_client          = @@character_set_client */;
/*!50001 SET @saved_cs_results         = @@character_set_results */;
/*!50001 SET @saved_col_connection     = @@collation_connection */;
/*!50001 SET character_set_client      = utf8mb4 */;
/*!50001 SET character_set_results     = utf8mb4 */;
/*!50001 SET collation_connection      = utf8mb4_0900_ai_ci */;
/*!50001 CREATE ALGORITHM=UNDEFINED */
/*!50013 DEFINER=`root`@`localhost` SQL SECURITY DEFINER */
/*!50001 VIEW `v_resumen_caja` AS select cast(`caja`.`fecha_movimiento` as date) AS `fecha`,sum((case when (`caja`.`tipo_movimiento` = 'INGRESO') then `caja`.`monto` else 0 end)) AS `total_ingresos`,sum((case when (`caja`.`tipo_movimiento` = 'EGRESO') then `caja`.`monto` else 0 end)) AS `total_egresos`,sum((case when (`caja`.`tipo_movimiento` = 'INGRESO') then `caja`.`monto` else -(`caja`.`monto`) end)) AS `saldo_dia` from `caja` group by cast(`caja`.`fecha_movimiento` as date) order by `fecha` desc */;
/*!50001 SET character_set_client      = @saved_cs_client */;
/*!50001 SET character_set_results     = @saved_cs_results */;
/*!50001 SET collation_connection      = @saved_col_connection */;
/*!50001 DROP VIEW IF EXISTS `v_servicios_mas_solicitados`*/;
/*!50001 SET @saved_cs_client          = @@character_set_client */;
/*!50001 SET @saved_cs_results         = @@character_set_results */;
/*!50001 SET @saved_col_connection     = @@collation_connection */;
/*!50001 SET character_set_client      = utf8mb4 */;
/*!50001 SET character_set_results     = utf8mb4 */;
/*!50001 SET collation_connection      = utf8mb4_0900_ai_ci */;
/*!50001 CREATE ALGORITHM=UNDEFINED */
/*!50013 DEFINER=`root`@`localhost` SQL SECURITY DEFINER */
/*!50001 VIEW `v_servicios_mas_solicitados` AS select `dv`.`id_item` AS `id_servicio`,`dv`.`descripcion` AS `nombre_servicio`,count(0) AS `veces_solicitado`,sum(`dv`.`cantidad`) AS `cantidad_total`,avg(`dv`.`precio_unitario`) AS `precio_promedio`,sum(`dv`.`subtotal`) AS `ingresos_generados` from (`detalle_ventas` `dv` join `ventas` `v` on((`dv`.`id_venta` = `v`.`id`))) where ((`dv`.`tipo_item` = 'SERVICIO') and (`v`.`estado_venta` = 1)) group by `dv`.`id_item`,`dv`.`descripcion` order by `veces_solicitado` desc limit 0,10 */;
/*!50001 SET character_set_client      = @saved_cs_client */;
/*!50001 SET character_set_results     = @saved_cs_results */;
/*!50001 SET collation_connection      = @saved_col_connection */;
/*!40103 SET TIME_ZONE=@OLD_TIME_ZONE */;

/*!40101 SET SQL_MODE=@OLD_SQL_MODE */;
/*!40014 SET FOREIGN_KEY_CHECKS=@OLD_FOREIGN_KEY_CHECKS */;
/*!40014 SET UNIQUE_CHECKS=@OLD_UNIQUE_CHECKS */;
/*!40101 SET CHARACTER_SET_CLIENT=@OLD_CHARACTER_SET_CLIENT */;
/*!40101 SET CHARACTER_SET_RESULTS=@OLD_CHARACTER_SET_RESULTS */;
/*!40101 SET COLLATION_CONNECTION=@OLD_COLLATION_CONNECTION */;
/*!40111 SET SQL_NOTES=@OLD_SQL_NOTES */;

